-- RecTrack extra data: more subjects + sub-topics (safe to re-run)
begin;
insert into main_subject (id,name) values ('f4d7aa88-69df-48bd-8e9d-6d27f40b61cd','Python Full stack'),('60378e7f-8abd-4e99-8e7f-9ac272e1a376','Test Automation'),('a42b912f-b7b4-4f76-af82-8141a6e033f8','JAVA Full stack'),('5af5593c-7722-48b9-a445-093d20584051','DevOps') on conflict (name) do nothing;
insert into subject (id,main_subject_id,name,sequence) values ('263605cc-0544-4023-8d7a-ff144e2474af',(select id from main_subject where name='Python Full stack'),'Core Python',1),('4bff5f0a-b01f-49d6-9e19-38ae85876516',(select id from main_subject where name='Test Automation'),'Selenium WebDriver',1),('b61119a8-caf8-4c82-844c-c86ed3369f3e',(select id from main_subject where name='JAVA Full stack'),'Spring Boot',1),('4b86562b-8e25-4217-bd86-2ee019ef72af',(select id from main_subject where name='DevOps'),'Docker & Kubernetes',1) on conflict (main_subject_id,name) do nothing;
insert into chapter (id,subject_id,name,sequence) values ('48fb62e5-9193-4fd7-9039-ed4ba3e9d214','263605cc-0544-4023-8d7a-ff144e2474af','Python Basics',1),('86ce5c75-46d8-40ee-ab9c-369ed2626a12','263605cc-0544-4023-8d7a-ff144e2474af','Control Flow',2),('2029c9ea-a0ae-4cfb-a1aa-b1849470fc3c','263605cc-0544-4023-8d7a-ff144e2474af','OOP in Python',3),('a86f894f-fcc0-4c3f-bace-f6ab435e356f','4bff5f0a-b01f-49d6-9e19-38ae85876516','Selenium Basics',1),('fa188910-d6c6-416a-b439-6ec1887fe37a','4bff5f0a-b01f-49d6-9e19-38ae85876516','Frameworks',2),('ed2311be-ec86-4dab-b531-2e4dacd4f7e6','b61119a8-caf8-4c82-844c-c86ed3369f3e','Spring Core',1),('a72b1eae-f4e8-4182-8190-0a4eec9a7061','b61119a8-caf8-4c82-844c-c86ed3369f3e','REST APIs',2),('3291f38f-b139-452e-a334-03b503f0e58a','4b86562b-8e25-4217-bd86-2ee019ef72af','Docker',1),('86109122-e1be-4e1d-8a12-da0cd1a8db0c','4b86562b-8e25-4217-bd86-2ee019ef72af','Kubernetes',2) on conflict (subject_id,name) do nothing;
insert into topic (id,chapter_id,name,sequence) values ('4db054c7-3c8a-45bd-858d-eec4166a6f5f','48fb62e5-9193-4fd7-9039-ed4ba3e9d214','Variables',1),('c043f3fa-901e-46d5-9dbe-bec3923883d4','48fb62e5-9193-4fd7-9039-ed4ba3e9d214','Data Types',2),('2b010ad8-f346-4673-93c8-ce06d6cb9031','48fb62e5-9193-4fd7-9039-ed4ba3e9d214','Operators',3),('d64acebf-d96a-4be9-a468-9bcf1ce3729b','48fb62e5-9193-4fd7-9039-ed4ba3e9d214','Strings',4),('237c48a7-dbde-4566-9a50-31e33d35a3cc','48fb62e5-9193-4fd7-9039-ed4ba3e9d214','Lists',5),('67861b2b-9cbd-4d7a-8d4e-fe92912ee078','48fb62e5-9193-4fd7-9039-ed4ba3e9d214','Dictionaries',6),('19282b1d-7388-45c8-8465-9cd9460bb498','86ce5c75-46d8-40ee-ab9c-369ed2626a12','If-Else',1),('5d1ebbf6-5e42-40ca-ba32-0c5b36f6a4b8','86ce5c75-46d8-40ee-ab9c-369ed2626a12','For Loop',2),('48892cb5-8b99-4d90-ae1b-b40e5f0e6090','86ce5c75-46d8-40ee-ab9c-369ed2626a12','While Loop',3),('458d1861-45c5-4a87-ba33-5e545ca57821','86ce5c75-46d8-40ee-ab9c-369ed2626a12','Functions',4),('4e925cbe-b834-4cad-b72f-0f9d91441862','86ce5c75-46d8-40ee-ab9c-369ed2626a12','Lambda',5),('297f7020-517b-4c68-ae6d-a712e26cda08','86ce5c75-46d8-40ee-ab9c-369ed2626a12','Comprehensions',6),('4c320987-958c-4b86-ac76-44b6dadbff5e','2029c9ea-a0ae-4cfb-a1aa-b1849470fc3c','Classes',1),('3d2253f3-178a-4511-bee1-9af6d28738de','2029c9ea-a0ae-4cfb-a1aa-b1849470fc3c','Objects',2),('539a7cc2-ba42-4f4c-a14f-141be2f592e5','2029c9ea-a0ae-4cfb-a1aa-b1849470fc3c','Inheritance',3),('db730ace-5e84-4904-9978-63a89fa48cc6','2029c9ea-a0ae-4cfb-a1aa-b1849470fc3c','Polymorphism',4),('70edc11e-c482-4096-aebc-befab36e52d8','2029c9ea-a0ae-4cfb-a1aa-b1849470fc3c','Modules',5),('ac9da99c-e9bb-41f9-9083-699c68cfc278','a86f894f-fcc0-4c3f-bace-f6ab435e356f','Setup',1),('9041de55-9ac5-4dd7-aeaa-867a3ebf7ed8','a86f894f-fcc0-4c3f-bace-f6ab435e356f','Locators',2),('ba011092-32eb-41d3-b2d9-6c001d40c421','a86f894f-fcc0-4c3f-bace-f6ab435e356f','XPath',3),('baab0080-556e-4800-88d5-ddba80dbe39f','a86f894f-fcc0-4c3f-bace-f6ab435e356f','Waits',4),('813040af-2506-4e8c-9c7e-82fe549e35e2','a86f894f-fcc0-4c3f-bace-f6ab435e356f','Actions',5),('8c012c1b-fdf6-43bb-b510-0836c65851b9','fa188910-d6c6-416a-b439-6ec1887fe37a','TestNG',1),('f87e599b-a286-4179-be1b-d71f82ded377','fa188910-d6c6-416a-b439-6ec1887fe37a','Page Object Model',2),('064bb01c-976b-45e8-b922-f94436235dea','fa188910-d6c6-416a-b439-6ec1887fe37a','Data Driven',3),('d107c1c5-0820-4ee1-a224-84bceacdf8db','fa188910-d6c6-416a-b439-6ec1887fe37a','Reporting',4),('9619255d-7f06-4223-9f06-f20e7566de88','ed2311be-ec86-4dab-b531-2e4dacd4f7e6','Beans',1),('9479039c-869f-492b-97ae-502941fe07eb','ed2311be-ec86-4dab-b531-2e4dacd4f7e6','Dependency Injection',2),('e860e288-2558-4fa8-9347-fc1a1947e1c5','ed2311be-ec86-4dab-b531-2e4dacd4f7e6','Annotations',3),('a4cedc91-38ae-4798-bf5a-d8ec00bd03e1','ed2311be-ec86-4dab-b531-2e4dacd4f7e6','Configuration',4),('9414aed4-9b54-49ed-a28a-e207e044ffab','a72b1eae-f4e8-4182-8190-0a4eec9a7061','Controllers',1),('f0959bf7-e0ca-44e2-91ec-c0eeebaf8a3d','a72b1eae-f4e8-4182-8190-0a4eec9a7061','Services',2),('eea853b3-60df-429a-9056-75050c9f0a09','a72b1eae-f4e8-4182-8190-0a4eec9a7061','Repositories',3),('75d42280-5543-4adf-bf7b-21ccd8441918','a72b1eae-f4e8-4182-8190-0a4eec9a7061','Exception Handling',4),('4e2342a4-9514-48fd-837f-e6910f0ad691','3291f38f-b139-452e-a334-03b503f0e58a','Images',1),('326ed369-4594-46c4-bb74-f30a39a3fa24','3291f38f-b139-452e-a334-03b503f0e58a','Containers',2),('a9f4b58c-1443-44cd-b96c-88b09577d5d2','3291f38f-b139-452e-a334-03b503f0e58a','Volumes',3),('341562c6-8014-461d-8b51-1ac0924b7212','3291f38f-b139-452e-a334-03b503f0e58a','Networks',4),('bb4e34c9-4ad7-41eb-be28-53d1380406bb','3291f38f-b139-452e-a334-03b503f0e58a','Compose',5),('8388309e-37c6-4ba9-b6d8-44cf048167d7','86109122-e1be-4e1d-8a12-da0cd1a8db0c','Pods',1),('0df7b4a8-a5a0-41f7-acbe-f2a987d5b43c','86109122-e1be-4e1d-8a12-da0cd1a8db0c','Deployments',2),('f75df5dc-1789-4c7d-b6d8-8dceeced8790','86109122-e1be-4e1d-8a12-da0cd1a8db0c','Services',3),('16b459bd-bcc8-46da-8bf2-5a321fc46bbb','86109122-e1be-4e1d-8a12-da0cd1a8db0c','Ingress',4) on conflict (chapter_id,name) do nothing;
insert into subtopic (id,topic_id,name,sequence) values ('12fcfd7b-aa3a-449d-97db-202bf0007ecb','4db054c7-3c8a-45bd-858d-eec4166a6f5f','Variables - introduction',1),('dd5ce8d2-86f1-450c-844c-45c0b6589b20','4db054c7-3c8a-45bd-858d-eec4166a6f5f','Variables - example',2),('fe1ca34b-e375-4324-9d58-b87ea33903ca','4db054c7-3c8a-45bd-858d-eec4166a6f5f','Variables - exercise',3),('6e17ed73-1646-4175-9962-7417631670ed','c043f3fa-901e-46d5-9dbe-bec3923883d4','Data Types - introduction',1),('2737f928-a67a-44b7-9200-6bf1701a4257','c043f3fa-901e-46d5-9dbe-bec3923883d4','Data Types - example',2),('f7e04f90-90e8-46c3-bcf1-27a41252c24d','c043f3fa-901e-46d5-9dbe-bec3923883d4','Data Types - exercise',3),('e91baa48-7be8-4bad-b072-8a5e66fc8e11','2b010ad8-f346-4673-93c8-ce06d6cb9031','Operators - introduction',1),('6d664082-d456-4b48-be14-ada7de1112bc','2b010ad8-f346-4673-93c8-ce06d6cb9031','Operators - example',2),('f3c29630-7cae-4c38-bdb4-c483607bab46','2b010ad8-f346-4673-93c8-ce06d6cb9031','Operators - exercise',3),('b7250cdb-61a3-4491-9bf4-b2c4b765a78a','d64acebf-d96a-4be9-a468-9bcf1ce3729b','Strings - introduction',1),('1219df74-2f90-44af-afb5-207f45ed49e5','d64acebf-d96a-4be9-a468-9bcf1ce3729b','Strings - example',2),('46444d24-91a1-4e2b-8d55-368f40ff1cbb','d64acebf-d96a-4be9-a468-9bcf1ce3729b','Strings - exercise',3),('7ee312f9-c6e4-4fd5-9776-7f57113cf3e3','237c48a7-dbde-4566-9a50-31e33d35a3cc','Lists - introduction',1),('882a7544-2da3-4d50-94ef-01013f135179','237c48a7-dbde-4566-9a50-31e33d35a3cc','Lists - example',2),('202f755c-71fb-4611-b685-94bc17077c8f','237c48a7-dbde-4566-9a50-31e33d35a3cc','Lists - exercise',3),('a944fc22-b844-4451-ad8d-c4a6cc09573c','67861b2b-9cbd-4d7a-8d4e-fe92912ee078','Dictionaries - introduction',1),('dcb2a54f-f271-49b1-87dd-cf2a9e088a94','67861b2b-9cbd-4d7a-8d4e-fe92912ee078','Dictionaries - example',2),('c7bc7ed6-5dd9-4786-9da0-7922f607c2ce','67861b2b-9cbd-4d7a-8d4e-fe92912ee078','Dictionaries - exercise',3),('9095a620-9e9a-46dd-a50c-3c74bc8be7f9','19282b1d-7388-45c8-8465-9cd9460bb498','If-Else - introduction',1),('05c57fda-e392-40ee-8111-92736a09f95e','19282b1d-7388-45c8-8465-9cd9460bb498','If-Else - example',2),('f62ae5a8-7418-4bf2-818b-a919ee360614','19282b1d-7388-45c8-8465-9cd9460bb498','If-Else - exercise',3),('f316753b-f0cc-4d50-be25-619627939b76','5d1ebbf6-5e42-40ca-ba32-0c5b36f6a4b8','For Loop - introduction',1),('bf9c8ed9-bb8f-4a0c-866e-d9176c151a79','5d1ebbf6-5e42-40ca-ba32-0c5b36f6a4b8','For Loop - example',2),('7b7f1ac5-be79-43b0-ba61-13a309e2fa79','5d1ebbf6-5e42-40ca-ba32-0c5b36f6a4b8','For Loop - exercise',3),('202e0819-8f53-4697-9cf4-d27d4322fe16','48892cb5-8b99-4d90-ae1b-b40e5f0e6090','While Loop - introduction',1),('8f028f56-d9d0-4304-a5ba-2adc56d97d8e','48892cb5-8b99-4d90-ae1b-b40e5f0e6090','While Loop - example',2),('431de02e-3cad-45fd-8984-c83e65dfc6ba','48892cb5-8b99-4d90-ae1b-b40e5f0e6090','While Loop - exercise',3),('04b3dd7a-6742-4e2b-8848-a69822d662df','458d1861-45c5-4a87-ba33-5e545ca57821','Functions - introduction',1),('44e48607-b717-4d0f-b695-a6ed95baec1b','458d1861-45c5-4a87-ba33-5e545ca57821','Functions - example',2),('eaccfdcb-3ae4-45a6-bc0e-7b47baf11f5f','458d1861-45c5-4a87-ba33-5e545ca57821','Functions - exercise',3),('21f4eb19-43d7-478c-bbf6-7b91272fe156','4e925cbe-b834-4cad-b72f-0f9d91441862','Lambda - introduction',1),('ce064240-6856-4b50-8564-74d2a1c3ea99','4e925cbe-b834-4cad-b72f-0f9d91441862','Lambda - example',2),('c24df202-7b05-4e09-964d-d3f9ae1dba2e','4e925cbe-b834-4cad-b72f-0f9d91441862','Lambda - exercise',3),('b85138df-b664-41e1-ab2f-719a0f020a1a','297f7020-517b-4c68-ae6d-a712e26cda08','Comprehensions - introduction',1),('fbe608c2-5d87-4d29-bdc9-ad8af704021f','297f7020-517b-4c68-ae6d-a712e26cda08','Comprehensions - example',2),('40926881-a221-43f4-ae4b-06c9fe6d075b','297f7020-517b-4c68-ae6d-a712e26cda08','Comprehensions - exercise',3),('0d7a631e-a972-46ab-bb57-7dc4a20a43b1','4c320987-958c-4b86-ac76-44b6dadbff5e','Classes - introduction',1),('3ae41256-0c19-45d2-ac07-1fdb7dabeab2','4c320987-958c-4b86-ac76-44b6dadbff5e','Classes - example',2),('c93b2291-b8df-4452-8e34-d4eb67ebdd26','4c320987-958c-4b86-ac76-44b6dadbff5e','Classes - exercise',3),('120d9bf9-57c8-4fb8-af12-c955d4803eee','3d2253f3-178a-4511-bee1-9af6d28738de','Objects - introduction',1),('95a8e31e-ec33-4e1f-ba82-ea8ec825c305','3d2253f3-178a-4511-bee1-9af6d28738de','Objects - example',2),('a3967a4d-18ae-4546-98dd-6479343c7c8e','3d2253f3-178a-4511-bee1-9af6d28738de','Objects - exercise',3),('3e9e5848-63be-4aa3-8f73-f052b0372f24','539a7cc2-ba42-4f4c-a14f-141be2f592e5','Inheritance - introduction',1),('98063561-6845-42a4-a507-5aba0592c419','539a7cc2-ba42-4f4c-a14f-141be2f592e5','Inheritance - example',2),('a8df3a79-c6b7-410e-ab9f-bed664f0dd23','539a7cc2-ba42-4f4c-a14f-141be2f592e5','Inheritance - exercise',3),('3559a924-475c-42b1-af5e-624de8c7521a','db730ace-5e84-4904-9978-63a89fa48cc6','Polymorphism - introduction',1),('460d8057-b1e5-4b1c-90c5-b4b98b417516','db730ace-5e84-4904-9978-63a89fa48cc6','Polymorphism - example',2),('9956d08f-ce39-4492-8784-0882a702984d','db730ace-5e84-4904-9978-63a89fa48cc6','Polymorphism - exercise',3),('93ba06f4-9280-4ff2-aba4-0d6eda77909b','70edc11e-c482-4096-aebc-befab36e52d8','Modules - introduction',1),('824d6312-6b8e-412e-a3df-11faf9afc6a4','70edc11e-c482-4096-aebc-befab36e52d8','Modules - example',2),('b46eeaf9-51fb-463f-8ceb-30788e4aa638','70edc11e-c482-4096-aebc-befab36e52d8','Modules - exercise',3),('78cff964-6ee5-4c40-8ebb-2716b9b4db92','ac9da99c-e9bb-41f9-9083-699c68cfc278','Setup - introduction',1),('07a25736-0928-4ce0-98cf-66e554742892','ac9da99c-e9bb-41f9-9083-699c68cfc278','Setup - example',2),('36ae8fe7-2a7e-4094-8d97-4345572b808a','ac9da99c-e9bb-41f9-9083-699c68cfc278','Setup - exercise',3),('d0b0f617-d086-4d53-9499-73338543fe1f','9041de55-9ac5-4dd7-aeaa-867a3ebf7ed8','Locators - introduction',1),('a0a626c2-1874-4c29-be85-76285837d3c4','9041de55-9ac5-4dd7-aeaa-867a3ebf7ed8','Locators - example',2),('918e925b-e70c-4e30-93d3-398c063339e7','9041de55-9ac5-4dd7-aeaa-867a3ebf7ed8','Locators - exercise',3),('8bd865d7-4ed4-4ae5-a683-f5e1833e82af','ba011092-32eb-41d3-b2d9-6c001d40c421','XPath - introduction',1),('1e9b223d-0526-4121-ae1a-cbce898a2d0e','ba011092-32eb-41d3-b2d9-6c001d40c421','XPath - example',2),('ba5cf7aa-a822-4ef1-bfc3-69cb3a30937c','ba011092-32eb-41d3-b2d9-6c001d40c421','XPath - exercise',3),('ec215bf6-fa09-433e-ac52-24c16b1a9d80','baab0080-556e-4800-88d5-ddba80dbe39f','Waits - introduction',1),('fc1c0944-f50d-475c-a74e-0990c0e5c3cc','baab0080-556e-4800-88d5-ddba80dbe39f','Waits - example',2),('c4e035d2-bf1e-4dde-991e-429cde24824a','baab0080-556e-4800-88d5-ddba80dbe39f','Waits - exercise',3),('52964ff0-b39a-4311-9418-2d61f4a45816','813040af-2506-4e8c-9c7e-82fe549e35e2','Actions - introduction',1),('95d33396-0c0f-4eb6-a9c8-ec71ba7c88ff','813040af-2506-4e8c-9c7e-82fe549e35e2','Actions - example',2),('f76b6c7a-d01a-459e-a8b7-efe594164e1a','813040af-2506-4e8c-9c7e-82fe549e35e2','Actions - exercise',3),('172a0caa-0c08-44f8-80c1-1e9bfb8b1c06','8c012c1b-fdf6-43bb-b510-0836c65851b9','TestNG - introduction',1),('5818c219-d975-45b1-8a63-fa6f00de4ead','8c012c1b-fdf6-43bb-b510-0836c65851b9','TestNG - example',2),('cb867ed3-6c05-4496-8968-4d69bc09d820','8c012c1b-fdf6-43bb-b510-0836c65851b9','TestNG - exercise',3),('c5fa495b-ad3e-4a62-bcd2-f89fca80dd70','f87e599b-a286-4179-be1b-d71f82ded377','Page Object Model - introduction',1),('6208be43-e643-49e1-9634-3a78245ae583','f87e599b-a286-4179-be1b-d71f82ded377','Page Object Model - example',2),('f4768675-600b-4f88-8296-e22689edda15','f87e599b-a286-4179-be1b-d71f82ded377','Page Object Model - exercise',3),('cfe03c26-4ff2-435a-a0c5-97cdf7fc4d63','064bb01c-976b-45e8-b922-f94436235dea','Data Driven - introduction',1),('6057a7f2-2abe-4bca-8508-ab62ab18afc0','064bb01c-976b-45e8-b922-f94436235dea','Data Driven - example',2),('b4a0ea19-4efc-4655-9c43-98410ef9f4b5','064bb01c-976b-45e8-b922-f94436235dea','Data Driven - exercise',3),('d11dbd2f-4a07-4927-aae3-f4b1f2eebe70','d107c1c5-0820-4ee1-a224-84bceacdf8db','Reporting - introduction',1),('0856be3e-7ee4-4b04-b5af-22abe3dc721b','d107c1c5-0820-4ee1-a224-84bceacdf8db','Reporting - example',2),('59e85063-8778-413c-9be1-809d8ad23193','d107c1c5-0820-4ee1-a224-84bceacdf8db','Reporting - exercise',3),('39468bba-f3fd-4cd1-b591-546523f984f6','9619255d-7f06-4223-9f06-f20e7566de88','Beans - introduction',1),('90011fda-361b-4a38-9d2b-e5a4845d38df','9619255d-7f06-4223-9f06-f20e7566de88','Beans - example',2),('9db8da88-9fe5-41d2-b772-226e2c4da964','9619255d-7f06-4223-9f06-f20e7566de88','Beans - exercise',3),('85a314ff-46a4-4823-baa2-ce249f8c4557','9479039c-869f-492b-97ae-502941fe07eb','Dependency Injection - introduction',1),('60fe00e6-6311-4d37-8ce5-a11ea897e6fc','9479039c-869f-492b-97ae-502941fe07eb','Dependency Injection - example',2),('10ad5d11-04a7-47a1-87c9-9d02b6d0f33f','9479039c-869f-492b-97ae-502941fe07eb','Dependency Injection - exercise',3),('1076338d-be70-4b63-866a-a545ffee3b7b','e860e288-2558-4fa8-9347-fc1a1947e1c5','Annotations - introduction',1),('fd51e9e0-557b-46c8-856d-96a949353eae','e860e288-2558-4fa8-9347-fc1a1947e1c5','Annotations - example',2),('0c46fbd4-0eae-47e6-9f62-31f8b5f40f7c','e860e288-2558-4fa8-9347-fc1a1947e1c5','Annotations - exercise',3),('488426e2-9975-4b06-bf6e-fd4b50ea84e1','a4cedc91-38ae-4798-bf5a-d8ec00bd03e1','Configuration - introduction',1),('65fc38f4-5e8a-4507-84d3-5906e5760227','a4cedc91-38ae-4798-bf5a-d8ec00bd03e1','Configuration - example',2),('f50bfb68-cb55-41e6-a604-ce4ed519fef0','a4cedc91-38ae-4798-bf5a-d8ec00bd03e1','Configuration - exercise',3),('fd9e85d2-f7fc-4def-8633-61fe503b8f81','9414aed4-9b54-49ed-a28a-e207e044ffab','Controllers - introduction',1),('79392a0b-557c-4c00-8907-af57be50d7e0','9414aed4-9b54-49ed-a28a-e207e044ffab','Controllers - example',2),('5771068b-70e4-4a63-8793-f6b539952095','9414aed4-9b54-49ed-a28a-e207e044ffab','Controllers - exercise',3),('c0ae37b5-6fe0-43a8-87c1-38cf0c052f1c','f0959bf7-e0ca-44e2-91ec-c0eeebaf8a3d','Services - introduction',1),('8aa989b2-20b9-4457-9889-028ceca46d19','f0959bf7-e0ca-44e2-91ec-c0eeebaf8a3d','Services - example',2),('82167f15-a135-448d-8a96-0147e18e08a3','f0959bf7-e0ca-44e2-91ec-c0eeebaf8a3d','Services - exercise',3),('7dd38e79-153d-49e2-9e31-cb0d0418122b','eea853b3-60df-429a-9056-75050c9f0a09','Repositories - introduction',1),('330ee14a-509d-4d8e-b46f-5319a4ac4efe','eea853b3-60df-429a-9056-75050c9f0a09','Repositories - example',2),('926a6873-83a6-4dd8-bb41-22aa90dac2b3','eea853b3-60df-429a-9056-75050c9f0a09','Repositories - exercise',3),('974e286e-bc5d-458d-87b1-1a8682b329af','75d42280-5543-4adf-bf7b-21ccd8441918','Exception Handling - introduction',1),('a604104a-1aa2-467f-bb25-94e86d547681','75d42280-5543-4adf-bf7b-21ccd8441918','Exception Handling - example',2),('61ed8ee5-87da-403d-9955-52f331fd4628','75d42280-5543-4adf-bf7b-21ccd8441918','Exception Handling - exercise',3),('bc7fd658-1385-4ba6-b660-b0d71af6d2be','4e2342a4-9514-48fd-837f-e6910f0ad691','Images - introduction',1),('5dfa72fa-2a61-448c-bb12-799b70dcde0a','4e2342a4-9514-48fd-837f-e6910f0ad691','Images - example',2),('72e53de5-60a5-4f16-9d69-7e9ce9c104d4','4e2342a4-9514-48fd-837f-e6910f0ad691','Images - exercise',3),('3caed763-d26d-4ffd-8b61-ee682caf16d5','326ed369-4594-46c4-bb74-f30a39a3fa24','Containers - introduction',1),('e948551c-6845-47bc-ac3a-7d959e1ff7b3','326ed369-4594-46c4-bb74-f30a39a3fa24','Containers - example',2),('4a0e1dd7-5533-429f-9c47-01c233dabc74','326ed369-4594-46c4-bb74-f30a39a3fa24','Containers - exercise',3),('1bbf15c6-9cef-485b-bc5e-7b9c7b6a0f22','a9f4b58c-1443-44cd-b96c-88b09577d5d2','Volumes - introduction',1),('ffb0962f-1f09-4df0-bf39-0e2d5e0f74d7','a9f4b58c-1443-44cd-b96c-88b09577d5d2','Volumes - example',2),('a0b7060f-a6f2-423c-a1cc-f9e55361287d','a9f4b58c-1443-44cd-b96c-88b09577d5d2','Volumes - exercise',3),('3096a8e3-3163-45f5-9872-c8df1c89e5fe','341562c6-8014-461d-8b51-1ac0924b7212','Networks - introduction',1),('1baa6b31-e759-446b-a627-86b674dcc386','341562c6-8014-461d-8b51-1ac0924b7212','Networks - example',2),('25df79ee-2dd2-4360-aebe-05a6ab176028','341562c6-8014-461d-8b51-1ac0924b7212','Networks - exercise',3),('1af58bec-d2de-41e5-b60e-a51065556bc4','bb4e34c9-4ad7-41eb-be28-53d1380406bb','Compose - introduction',1),('606c1355-5c3f-4657-9e22-49cf394c5a7e','bb4e34c9-4ad7-41eb-be28-53d1380406bb','Compose - example',2),('d97fa6e6-da22-4c31-a742-89c90167a781','bb4e34c9-4ad7-41eb-be28-53d1380406bb','Compose - exercise',3),('cbd13b9b-7a5b-438f-80ac-d3a06521f8ba','8388309e-37c6-4ba9-b6d8-44cf048167d7','Pods - introduction',1),('6b7268ce-8e56-4581-9a0a-6838666dd02b','8388309e-37c6-4ba9-b6d8-44cf048167d7','Pods - example',2),('945ffd68-2d4d-44f9-8165-51891fd242ae','8388309e-37c6-4ba9-b6d8-44cf048167d7','Pods - exercise',3),('45ba57c4-f032-4383-a6e4-be9f50b37547','0df7b4a8-a5a0-41f7-acbe-f2a987d5b43c','Deployments - introduction',1),('af7f254f-21a8-496a-abc2-e67175ea02ce','0df7b4a8-a5a0-41f7-acbe-f2a987d5b43c','Deployments - example',2),('42da0f55-f3b9-41fc-b43e-ef55b81f2e75','0df7b4a8-a5a0-41f7-acbe-f2a987d5b43c','Deployments - exercise',3),('feac0047-6d0a-4154-97a3-c3f61bebf2f1','f75df5dc-1789-4c7d-b6d8-8dceeced8790','Services - introduction',1),('5c60ddd6-ba81-4a19-8e6e-1e5b7afb8763','f75df5dc-1789-4c7d-b6d8-8dceeced8790','Services - example',2),('d5f4aec2-09ce-4c62-b47d-d8ec8ef82d6c','f75df5dc-1789-4c7d-b6d8-8dceeced8790','Services - exercise',3),('bd642550-db2a-4c09-94f9-a3b21dfa72d5','16b459bd-bcc8-46da-8bf2-5a321fc46bbb','Ingress - introduction',1),('43ecae43-4656-488f-a62b-cc2b8ef52d3a','16b459bd-bcc8-46da-8bf2-5a321fc46bbb','Ingress - example',2),('e886f36b-eeea-4311-a286-74c772a6ef18','16b459bd-bcc8-46da-8bf2-5a321fc46bbb','Ingress - exercise',3) on conflict (topic_id,name,sequence) do nothing;
insert into content_item (id,subtopic_id) values ('cd9abe5f-8aa7-4446-9e81-a43881dbee58','12fcfd7b-aa3a-449d-97db-202bf0007ecb'),('5631be21-ec2d-4ead-9f71-69f4bbeed2b4','dd5ce8d2-86f1-450c-844c-45c0b6589b20'),('c8b91eac-e2fe-4c45-8ab4-70ef1a688801','fe1ca34b-e375-4324-9d58-b87ea33903ca'),('6c42d45a-22ed-4776-9c18-123f0cf46dab','6e17ed73-1646-4175-9962-7417631670ed'),('9488b9ab-dd54-4484-bf43-2c5bdf658181','2737f928-a67a-44b7-9200-6bf1701a4257'),('c7154992-0e2a-4018-a66a-739f70ddcc81','f7e04f90-90e8-46c3-bcf1-27a41252c24d'),('a2715563-9300-49a5-9157-7f5ac3821f72','e91baa48-7be8-4bad-b072-8a5e66fc8e11'),('f4988770-a964-4d8c-9add-124783a2fa09','6d664082-d456-4b48-be14-ada7de1112bc'),('5664ec86-42dc-44ea-a38a-93d803ee8fce','f3c29630-7cae-4c38-bdb4-c483607bab46'),('b98d0fcd-bbcc-44b6-bef1-5a97c02c67ae','b7250cdb-61a3-4491-9bf4-b2c4b765a78a'),('36424d7f-06e2-44f0-9818-10467118552a','1219df74-2f90-44af-afb5-207f45ed49e5'),('76daeb2a-f2f3-4aca-a188-7a8ada615e87','46444d24-91a1-4e2b-8d55-368f40ff1cbb'),('74fdc82a-3f59-4cf7-b970-0a0266909d0b','7ee312f9-c6e4-4fd5-9776-7f57113cf3e3'),('34ad25cd-a517-49f6-adaf-1801184d1957','882a7544-2da3-4d50-94ef-01013f135179'),('587c9ab7-e6ae-401c-abd1-3468156bd3a0','202f755c-71fb-4611-b685-94bc17077c8f'),('9f0f3f44-9021-4b49-b2a2-f752f47fcc5e','a944fc22-b844-4451-ad8d-c4a6cc09573c'),('8ff3a22a-1c15-49c4-90b8-646e526ec327','dcb2a54f-f271-49b1-87dd-cf2a9e088a94'),('d4188118-2104-47de-ac85-441391146968','c7bc7ed6-5dd9-4786-9da0-7922f607c2ce'),('9c0f880f-1df4-42d7-ab29-88f9842ed1ae','9095a620-9e9a-46dd-a50c-3c74bc8be7f9'),('4f513794-8a2d-40f1-af20-13d991ba31ca','05c57fda-e392-40ee-8111-92736a09f95e'),('8d1c07d1-8df3-4734-b62a-b7a41acf605b','f62ae5a8-7418-4bf2-818b-a919ee360614'),('1dc472e6-042c-4a82-b5ec-bf22aad6ccd0','f316753b-f0cc-4d50-be25-619627939b76'),('699592d3-9bc7-44fc-a71c-3f49bbe746b4','bf9c8ed9-bb8f-4a0c-866e-d9176c151a79'),('cc6538fe-2952-4fd0-b903-21a6f7591d5c','7b7f1ac5-be79-43b0-ba61-13a309e2fa79'),('f3a59ee3-f6a7-439e-b706-2d6ebabfad80','202e0819-8f53-4697-9cf4-d27d4322fe16'),('14fedc30-84e3-42f2-8567-f8ddacc214a4','8f028f56-d9d0-4304-a5ba-2adc56d97d8e'),('7ca7e15f-18cc-4092-bffe-47c38b4cb763','431de02e-3cad-45fd-8984-c83e65dfc6ba'),('272cf4e6-3991-4656-8e10-b2bb13c08378','04b3dd7a-6742-4e2b-8848-a69822d662df'),('1a34ab1f-56f7-430b-a6c2-4d8382fd43fb','44e48607-b717-4d0f-b695-a6ed95baec1b'),('87e6c47c-7e61-4ce2-bba7-c6dd14640a10','eaccfdcb-3ae4-45a6-bc0e-7b47baf11f5f'),('51cfd4f7-fefe-4abc-99a3-6afe61c740f8','21f4eb19-43d7-478c-bbf6-7b91272fe156'),('de3a913b-1002-4ade-b920-b2fcb6250fd7','ce064240-6856-4b50-8564-74d2a1c3ea99'),('897ecc40-4ecc-46c3-8bad-ea3ff75e7240','c24df202-7b05-4e09-964d-d3f9ae1dba2e'),('2eb412d1-8d08-45c9-8775-1dfee91b8aab','b85138df-b664-41e1-ab2f-719a0f020a1a'),('96fab0fe-4f5d-482e-aa35-d2b8297dccff','fbe608c2-5d87-4d29-bdc9-ad8af704021f'),('20a40d19-8943-46b9-a7dc-8c3da72caa6d','40926881-a221-43f4-ae4b-06c9fe6d075b'),('62f0cd9d-c7ef-4bda-9a27-1e9e25dc0426','0d7a631e-a972-46ab-bb57-7dc4a20a43b1'),('18aaf890-54c3-4290-82da-47d9e271ecce','3ae41256-0c19-45d2-ac07-1fdb7dabeab2'),('b8574008-7671-42c9-bf40-18d980e6c2f9','c93b2291-b8df-4452-8e34-d4eb67ebdd26'),('36bcf778-85b3-429f-8a8f-dc4801d0e0ab','120d9bf9-57c8-4fb8-af12-c955d4803eee'),('fa6d8fd1-97ad-4bad-b0a6-f80f3f4cc1eb','95a8e31e-ec33-4e1f-ba82-ea8ec825c305'),('d9b1bdeb-232b-4a0c-9418-c709113fb1a1','a3967a4d-18ae-4546-98dd-6479343c7c8e'),('af6d2a19-9784-4843-b927-c1bfd1e2901d','3e9e5848-63be-4aa3-8f73-f052b0372f24'),('f0245745-4ada-4396-baaa-f32a5fb0d31b','98063561-6845-42a4-a507-5aba0592c419'),('fbbdcada-811d-4222-b648-0a2dfc8beb72','a8df3a79-c6b7-410e-ab9f-bed664f0dd23'),('1894ca7b-5d49-4fbf-9703-263a2bbe09b2','3559a924-475c-42b1-af5e-624de8c7521a'),('ce6e1c06-7303-43a5-b155-6bf3d85a032b','460d8057-b1e5-4b1c-90c5-b4b98b417516'),('8c778b4d-6098-46a8-a647-12a8c3febca5','9956d08f-ce39-4492-8784-0882a702984d'),('36fbddb9-a4b1-44d8-9d0d-c7281ad9f74c','93ba06f4-9280-4ff2-aba4-0d6eda77909b'),('479f3d1e-2302-4395-b716-b1853f8a846b','824d6312-6b8e-412e-a3df-11faf9afc6a4'),('af744d2a-34c5-4a8d-b030-6642efdb355f','b46eeaf9-51fb-463f-8ceb-30788e4aa638'),('c0aa26bd-fc01-4b08-af5d-eef2d9577546','78cff964-6ee5-4c40-8ebb-2716b9b4db92'),('e933befd-c186-4df7-80af-e7d9a5d66c3e','07a25736-0928-4ce0-98cf-66e554742892'),('7592bbff-eaeb-4346-9e4c-f2a956cacca4','36ae8fe7-2a7e-4094-8d97-4345572b808a'),('90fbbfa6-7fbb-40f6-b7df-28350712d2ab','d0b0f617-d086-4d53-9499-73338543fe1f'),('4aa36d25-87aa-4a28-bf47-2e149a6c1f86','a0a626c2-1874-4c29-be85-76285837d3c4'),('e9b086d7-d892-482b-97a0-132c40d841a9','918e925b-e70c-4e30-93d3-398c063339e7'),('39d6b325-55c9-4d01-bbf0-ac78cf02e832','8bd865d7-4ed4-4ae5-a683-f5e1833e82af'),('15ee262a-9b6a-4511-9702-990af37555a8','1e9b223d-0526-4121-ae1a-cbce898a2d0e'),('bb263dc4-3995-4a4a-b448-5d3f9e666eb8','ba5cf7aa-a822-4ef1-bfc3-69cb3a30937c'),('dd12de05-c51d-4439-bbcd-9fabf2a9f9b3','ec215bf6-fa09-433e-ac52-24c16b1a9d80'),('8b72f2ab-991e-4097-9225-b516675abe02','fc1c0944-f50d-475c-a74e-0990c0e5c3cc'),('ba5d2fab-3fc4-4c30-b20c-29b0dc3b7187','c4e035d2-bf1e-4dde-991e-429cde24824a'),('788f9354-e653-4996-adb1-8aa783bb3b46','52964ff0-b39a-4311-9418-2d61f4a45816'),('55943de4-02fc-4074-b682-e883b462b620','95d33396-0c0f-4eb6-a9c8-ec71ba7c88ff'),('32308c58-aa4a-4d02-9d8d-e16721ff81d2','f76b6c7a-d01a-459e-a8b7-efe594164e1a'),('888f6fb0-e904-4e37-83f8-9845c16ac7b0','172a0caa-0c08-44f8-80c1-1e9bfb8b1c06'),('c04655b4-56ab-4ff3-baf7-3f9c08d6f760','5818c219-d975-45b1-8a63-fa6f00de4ead'),('a02c9d82-acd0-4bb4-8434-712e2cd723da','cb867ed3-6c05-4496-8968-4d69bc09d820'),('46fb4678-3dbb-4f9e-ba99-ff2cc7535a30','c5fa495b-ad3e-4a62-bcd2-f89fca80dd70'),('c3b068ce-1be1-4081-ab81-852beaa345e8','6208be43-e643-49e1-9634-3a78245ae583'),('09375d90-33d2-4542-abf1-1dceef18e42e','f4768675-600b-4f88-8296-e22689edda15'),('df02c9cb-0859-4893-9dab-f562abbbfad8','cfe03c26-4ff2-435a-a0c5-97cdf7fc4d63'),('d342e030-b163-49b6-9bb9-4517650a5d42','6057a7f2-2abe-4bca-8508-ab62ab18afc0'),('158d4312-273c-45fa-82ec-ece861ba9e17','b4a0ea19-4efc-4655-9c43-98410ef9f4b5'),('b2249805-b434-45cd-b2de-3a0c72c575d6','d11dbd2f-4a07-4927-aae3-f4b1f2eebe70'),('3b28ae5a-7193-4a8f-927f-413bf3bc74d1','0856be3e-7ee4-4b04-b5af-22abe3dc721b'),('83d303fb-9538-4f8c-8062-3fbde3aa797b','59e85063-8778-413c-9be1-809d8ad23193'),('8c345aca-ac91-4562-9d6d-984925c00663','39468bba-f3fd-4cd1-b591-546523f984f6'),('10c4a36c-d143-4ff2-bb4e-65f3ed984fb5','90011fda-361b-4a38-9d2b-e5a4845d38df'),('c070e200-a8b5-45d9-977d-4fcb0662a8d1','9db8da88-9fe5-41d2-b772-226e2c4da964'),('26979f14-1b77-451f-a821-147091f8cbfa','85a314ff-46a4-4823-baa2-ce249f8c4557'),('3b34efce-44d8-4ac2-a7ad-d2125a2f6fd4','60fe00e6-6311-4d37-8ce5-a11ea897e6fc'),('a2e3231f-e0f9-461d-818c-3d728888d805','10ad5d11-04a7-47a1-87c9-9d02b6d0f33f'),('5c1bcab7-3432-4971-be51-139945845a64','1076338d-be70-4b63-866a-a545ffee3b7b'),('3affce88-2292-4eed-a604-033730a64d6e','fd51e9e0-557b-46c8-856d-96a949353eae'),('5129bcd1-2131-4406-baf8-f24ec9ece634','0c46fbd4-0eae-47e6-9f62-31f8b5f40f7c'),('f1fa1fea-ae3c-4813-abc4-19cd86c56bde','488426e2-9975-4b06-bf6e-fd4b50ea84e1'),('5b0838ea-f95f-4568-879a-48992a3712f4','65fc38f4-5e8a-4507-84d3-5906e5760227'),('17acd481-8458-40bd-b490-8e533c2f6eb5','f50bfb68-cb55-41e6-a604-ce4ed519fef0'),('6980b2bd-dda8-4950-9587-ef0d353d61b9','fd9e85d2-f7fc-4def-8633-61fe503b8f81'),('63f13fcf-b019-4930-919c-864f6f2e879f','79392a0b-557c-4c00-8907-af57be50d7e0'),('6f1b26f7-3fe2-43a7-b961-05efac3930a5','5771068b-70e4-4a63-8793-f6b539952095'),('209c96eb-bbea-4c82-8a49-7d53cee6e042','c0ae37b5-6fe0-43a8-87c1-38cf0c052f1c'),('59708443-af61-44c3-a0f4-cb5a5947bbe9','8aa989b2-20b9-4457-9889-028ceca46d19'),('2c824343-e53f-40bb-b55b-60d72e32931f','82167f15-a135-448d-8a96-0147e18e08a3'),('0385aeea-900d-4ddd-aeda-fef2241c151e','7dd38e79-153d-49e2-9e31-cb0d0418122b'),('0c79370e-67ee-490f-a87f-5fa075d57ece','330ee14a-509d-4d8e-b46f-5319a4ac4efe'),('0cbfffd5-2d1a-42a1-8376-6e7952290ad6','926a6873-83a6-4dd8-bb41-22aa90dac2b3'),('6f7645cc-e05e-4846-ace4-1b29320b83d2','974e286e-bc5d-458d-87b1-1a8682b329af'),('0151c081-099e-4648-861d-6340161e6924','a604104a-1aa2-467f-bb25-94e86d547681'),('0727d20e-624c-45f9-aab2-c983a82b4114','61ed8ee5-87da-403d-9955-52f331fd4628'),('564b6e54-9f28-4452-bcd4-552397a314be','bc7fd658-1385-4ba6-b660-b0d71af6d2be'),('c036344c-6f2d-4d2a-bc09-5ccf16c2afea','5dfa72fa-2a61-448c-bb12-799b70dcde0a'),('a3a87584-1f74-47da-8332-d3a204e56f5a','72e53de5-60a5-4f16-9d69-7e9ce9c104d4'),('19aa54d6-926f-47e6-b81d-65ea0812b3f0','3caed763-d26d-4ffd-8b61-ee682caf16d5'),('7220f173-c986-4e82-a202-c181ab462f81','e948551c-6845-47bc-ac3a-7d959e1ff7b3'),('3bcbc029-4d06-4e39-b033-d75cf99d5be0','4a0e1dd7-5533-429f-9c47-01c233dabc74'),('7e26af09-f21c-4e93-a70a-fbd017d31457','1bbf15c6-9cef-485b-bc5e-7b9c7b6a0f22'),('ee36e7ca-60d0-4d29-9fa1-c72746c75d08','ffb0962f-1f09-4df0-bf39-0e2d5e0f74d7'),('320e9995-b8c1-4701-a165-ac8609d8f4bd','a0b7060f-a6f2-423c-a1cc-f9e55361287d'),('e16f104c-7cb6-499f-bd1e-53e800b2c52e','3096a8e3-3163-45f5-9872-c8df1c89e5fe'),('35dd5ccd-1a70-4406-84df-b64e6ced404b','1baa6b31-e759-446b-a627-86b674dcc386'),('2a129de8-b948-4eb8-a395-dcc116dd4552','25df79ee-2dd2-4360-aebe-05a6ab176028'),('94f1a9a7-659c-49c7-b0ad-564ee35781d2','1af58bec-d2de-41e5-b60e-a51065556bc4'),('82288a7a-9372-455c-b2ea-b7cff17e2a62','606c1355-5c3f-4657-9e22-49cf394c5a7e'),('c26b6073-b0cb-4e5c-b35f-06c2dbc13106','d97fa6e6-da22-4c31-a742-89c90167a781'),('5ad6895e-31b2-4752-8cec-ec8a2c1f0403','cbd13b9b-7a5b-438f-80ac-d3a06521f8ba'),('3e7192bb-cbd5-40ea-97fb-b1b15844ad91','6b7268ce-8e56-4581-9a0a-6838666dd02b'),('72ac6cf6-5df6-4913-b648-e9d98e485094','945ffd68-2d4d-44f9-8165-51891fd242ae'),('278a2951-9632-44b9-bd0c-d1970c1b2207','45ba57c4-f032-4383-a6e4-be9f50b37547'),('cfbd1a66-41b2-422a-9893-176fa563aad3','af7f254f-21a8-496a-abc2-e67175ea02ce'),('d6df4faa-35bc-48f0-b489-ea02d3a320c4','42da0f55-f3b9-41fc-b43e-ef55b81f2e75'),('cf56bb62-ae79-4760-92e0-cbf595432b05','feac0047-6d0a-4154-97a3-c3f61bebf2f1'),('93ebb316-09e7-4563-af47-21a98f5fac82','5c60ddd6-ba81-4a19-8e6e-1e5b7afb8763'),('0938c53c-d03b-4459-8c64-45d574767330','d5f4aec2-09ce-4c62-b47d-d8ec8ef82d6c'),('1a46b73f-b2b2-4e5c-86b5-e22b2ef830fc','bd642550-db2a-4c09-94f9-a3b21dfa72d5'),('1f3be1ab-743f-432b-9415-f0614b56f7fc','43ecae43-4656-488f-a62b-cc2b8ef52d3a'),('2a2b7bce-dc3c-48b5-a10a-3b60bb9a8d32','e886f36b-eeea-4311-a286-74c772a6ef18') on conflict (subtopic_id) do nothing;
update item_stage set status='Completed' where content_item_id in ('cd9abe5f-8aa7-4446-9e81-a43881dbee58','5631be21-ec2d-4ead-9f71-69f4bbeed2b4','c8b91eac-e2fe-4c45-8ab4-70ef1a688801','6c42d45a-22ed-4776-9c18-123f0cf46dab','9488b9ab-dd54-4484-bf43-2c5bdf658181','c7154992-0e2a-4018-a66a-739f70ddcc81','a2715563-9300-49a5-9157-7f5ac3821f72','f4988770-a964-4d8c-9add-124783a2fa09','5664ec86-42dc-44ea-a38a-93d803ee8fce','b98d0fcd-bbcc-44b6-bef1-5a97c02c67ae','36424d7f-06e2-44f0-9818-10467118552a','76daeb2a-f2f3-4aca-a188-7a8ada615e87','74fdc82a-3f59-4cf7-b970-0a0266909d0b','34ad25cd-a517-49f6-adaf-1801184d1957','587c9ab7-e6ae-401c-abd1-3468156bd3a0','9f0f3f44-9021-4b49-b2a2-f752f47fcc5e','8ff3a22a-1c15-49c4-90b8-646e526ec327','d4188118-2104-47de-ac85-441391146968','9c0f880f-1df4-42d7-ab29-88f9842ed1ae','4f513794-8a2d-40f1-af20-13d991ba31ca','8d1c07d1-8df3-4734-b62a-b7a41acf605b','1dc472e6-042c-4a82-b5ec-bf22aad6ccd0','699592d3-9bc7-44fc-a71c-3f49bbe746b4','cc6538fe-2952-4fd0-b903-21a6f7591d5c','f3a59ee3-f6a7-439e-b706-2d6ebabfad80','14fedc30-84e3-42f2-8567-f8ddacc214a4','7ca7e15f-18cc-4092-bffe-47c38b4cb763','272cf4e6-3991-4656-8e10-b2bb13c08378','c0aa26bd-fc01-4b08-af5d-eef2d9577546','e933befd-c186-4df7-80af-e7d9a5d66c3e','7592bbff-eaeb-4346-9e4c-f2a956cacca4','90fbbfa6-7fbb-40f6-b7df-28350712d2ab','4aa36d25-87aa-4a28-bf47-2e149a6c1f86','e9b086d7-d892-482b-97a0-132c40d841a9','39d6b325-55c9-4d01-bbf0-ac78cf02e832','15ee262a-9b6a-4511-9702-990af37555a8','8c345aca-ac91-4562-9d6d-984925c00663','10c4a36c-d143-4ff2-bb4e-65f3ed984fb5','c070e200-a8b5-45d9-977d-4fcb0662a8d1','26979f14-1b77-451f-a821-147091f8cbfa','3b34efce-44d8-4ac2-a7ad-d2125a2f6fd4','a2e3231f-e0f9-461d-818c-3d728888d805','5c1bcab7-3432-4971-be51-139945845a64','3affce88-2292-4eed-a604-033730a64d6e','5129bcd1-2131-4406-baf8-f24ec9ece634','f1fa1fea-ae3c-4813-abc4-19cd86c56bde','5b0838ea-f95f-4568-879a-48992a3712f4','17acd481-8458-40bd-b490-8e533c2f6eb5','6980b2bd-dda8-4950-9587-ef0d353d61b9','63f13fcf-b019-4930-919c-864f6f2e879f','6f1b26f7-3fe2-43a7-b961-05efac3930a5','209c96eb-bbea-4c82-8a49-7d53cee6e042','59708443-af61-44c3-a0f4-cb5a5947bbe9','564b6e54-9f28-4452-bcd4-552397a314be','c036344c-6f2d-4d2a-bc09-5ccf16c2afea','a3a87584-1f74-47da-8332-d3a204e56f5a','19aa54d6-926f-47e6-b81d-65ea0812b3f0','7220f173-c986-4e82-a202-c181ab462f81');
update item_stage ist set status=(case when s.sequence<=3 then 'Completed' else 'Not Started' end)::stage_status from stage s where ist.stage_id=s.id and ist.content_item_id in ('1a34ab1f-56f7-430b-a6c2-4d8382fd43fb','87e6c47c-7e61-4ce2-bba7-c6dd14640a10','51cfd4f7-fefe-4abc-99a3-6afe61c740f8','de3a913b-1002-4ade-b920-b2fcb6250fd7','897ecc40-4ecc-46c3-8bad-ea3ff75e7240','2eb412d1-8d08-45c9-8775-1dfee91b8aab','96fab0fe-4f5d-482e-aa35-d2b8297dccff','20a40d19-8943-46b9-a7dc-8c3da72caa6d','bb263dc4-3995-4a4a-b448-5d3f9e666eb8','dd12de05-c51d-4439-bbcd-9fabf2a9f9b3','8b72f2ab-991e-4097-9225-b516675abe02','ba5d2fab-3fc4-4c30-b20c-29b0dc3b7187','2c824343-e53f-40bb-b55b-60d72e32931f','0385aeea-900d-4ddd-aeda-fef2241c151e','0c79370e-67ee-490f-a87f-5fa075d57ece','0cbfffd5-2d1a-42a1-8376-6e7952290ad6','3bcbc029-4d06-4e39-b033-d75cf99d5be0','7e26af09-f21c-4e93-a70a-fbd017d31457','ee36e7ca-60d0-4d29-9fa1-c72746c75d08','320e9995-b8c1-4701-a165-ac8609d8f4bd');
commit;
select name, completion_pct, items from v_subject_completion order by completion_pct desc;