-- RecTrack import: people + Core Java curriculum
-- Run in Supabase SQL Editor (safe to re-run).
begin;
insert into person (id,full_name,email,role,trainer_type,launch_phase) values ('84baa150-03df-4e2c-aeca-ff9c6fc58b0b','Madhu','madhu@example.com','trainer','Internal',1),('1e9cf754-59c2-434c-a5aa-3e03ac7b60a8','Akash','akash@example.com','trainer','Internal',1),('c78599a5-3d05-48df-a54b-42d79b4853b1','Leo','leo@example.com','trainer','Internal',1),('1e2eac35-f523-4779-871e-e05cef53ebb0','Amy','amy@example.com','trainer','Internal',1),('48b83e3c-3c71-469e-bfca-896af8b7236d','Pamy','pamy@example.com','trainer','External',1),('fb1034f3-a0bb-4dd2-b8cc-ef4cf52f13bd','Priya','priya@example.com','admin',NULL,1) on conflict (email) do nothing;
insert into main_subject (id,name,sort) values ('1ce0f2fc-ebef-4853-958e-fbf1d49c7c72','JAVA Full stack',1) on conflict (name) do nothing;
insert into subject (id,main_subject_id,name,sequence) values ('2d384e6f-975a-4552-9681-48dfb99a1c78','1ce0f2fc-ebef-4853-958e-fbf1d49c7c72','Core Java',1) on conflict (main_subject_id,name) do nothing;
insert into chapter (id,subject_id,name,sequence) values ('dd2fbf6b-0e70-4d81-903a-8822fc9103cd','2d384e6f-975a-4552-9681-48dfb99a1c78','Fundamentals of Java',1),('1154a0d6-ff8e-4ae2-9560-b8091e46f05a','2d384e6f-975a-4552-9681-48dfb99a1c78','OOPS',2),('75ad3ab2-7208-4fcf-9c84-36abbcf5faa8','2d384e6f-975a-4552-9681-48dfb99a1c78','Advanced Java',3) on conflict (subject_id,name) do nothing;
insert into topic (id,chapter_id,name,sequence) values ('d35b48b4-e57f-4b90-988c-7864da01bb2f','dd2fbf6b-0e70-4d81-903a-8822fc9103cd','Variables',1),('cdece25a-54ee-4622-b216-8b7d8a104192','dd2fbf6b-0e70-4d81-903a-8822fc9103cd','Operator',2),('be58b9d7-c5c4-4202-9bb3-8276a8d0a645','dd2fbf6b-0e70-4d81-903a-8822fc9103cd','Decision Statement',3),('a317539e-0abb-417a-89af-c65c391719ab','dd2fbf6b-0e70-4d81-903a-8822fc9103cd','While Loop',4),('d93e367d-502e-42a9-a6a4-d68eb2e18a89','dd2fbf6b-0e70-4d81-903a-8822fc9103cd','For Loop',5),('b7b7755a-5d0f-4c3d-98b4-2ce91044574c','dd2fbf6b-0e70-4d81-903a-8822fc9103cd','Array',6),('5e66bcc8-34f6-4867-89ca-d92cd009d1e1','dd2fbf6b-0e70-4d81-903a-8822fc9103cd','Local Variable',7),('73ba1622-9732-4c02-8888-cd8cc3c73020','dd2fbf6b-0e70-4d81-903a-8822fc9103cd','Function',8),('0c3d5443-6caf-4977-b3b5-dd353a1e5711','dd2fbf6b-0e70-4d81-903a-8822fc9103cd','Class and Object',9),('6928c069-357d-4ef9-9e86-6294bfbf6963','1154a0d6-ff8e-4ae2-9560-b8091e46f05a','Class and Object',10),('8d154ddd-7970-4212-9168-8905525c0eb5','1154a0d6-ff8e-4ae2-9560-b8091e46f05a','Constructor',11),('229571bf-b469-4715-bf27-51c8387824a2','1154a0d6-ff8e-4ae2-9560-b8091e46f05a','Encapsulation',12),('13856e66-c01f-48ec-8abb-70b846495760','1154a0d6-ff8e-4ae2-9560-b8091e46f05a','Inheritance',13),('1eb20740-7b11-462e-913b-3b98b5a7aa4d','1154a0d6-ff8e-4ae2-9560-b8091e46f05a','Abstract Class',14),('aca62a8c-b82a-44b1-a143-4b29b2ed0f32','1154a0d6-ff8e-4ae2-9560-b8091e46f05a','Interface',15),('f3bd8fdc-2936-4d7e-8d97-45499b49293f','1154a0d6-ff8e-4ae2-9560-b8091e46f05a','Type Casting',16),('93047114-ff8a-4008-8dd3-62623f8bd781','1154a0d6-ff8e-4ae2-9560-b8091e46f05a','Passing Object to Method',17),('5601d90d-8784-4213-b5a8-1e20ef778331','1154a0d6-ff8e-4ae2-9560-b8091e46f05a','Returning Object from method',18),('2d3c8017-3fd7-4b0e-9bac-5771aa82e56b','1154a0d6-ff8e-4ae2-9560-b8091e46f05a','Generalization and Specailization',19),('925ec2c5-6392-4d64-b58e-6ecda6d7421e','1154a0d6-ff8e-4ae2-9560-b8091e46f05a','Polymorphism',20),('59e5968a-757a-4ed6-8328-5f0731429bd0','1154a0d6-ff8e-4ae2-9560-b8091e46f05a','Abstraction',21),('4fd5c20c-11cc-4a6e-9a2c-f8273af5265c','1154a0d6-ff8e-4ae2-9560-b8091e46f05a','Has-A Relationship',22),('77862b5f-c1ac-479a-8343-956f1a7e4ad1','75ad3ab2-7208-4fcf-9c84-36abbcf5faa8','Multithreading',23),('64e51d75-2e5e-460d-bf76-7f5fe573b436','75ad3ab2-7208-4fcf-9c84-36abbcf5faa8','File Handling',24),('26712cca-4a96-4b2d-914c-3ad24bfaa486','75ad3ab2-7208-4fcf-9c84-36abbcf5faa8','Object Class',25),('dc3b12a6-7b6a-41ff-8d53-28e130a457fa','75ad3ab2-7208-4fcf-9c84-36abbcf5faa8','Java 8 and Above New Features',26),('11f355e4-a723-4369-9acf-da52a8140fd3','75ad3ab2-7208-4fcf-9c84-36abbcf5faa8','Reflection API',27),('634e599b-bf31-4b7e-b40f-672b8af1cf73','75ad3ab2-7208-4fcf-9c84-36abbcf5faa8','String',28) on conflict (chapter_id,name) do nothing;
insert into subtopic (id,topic_id,name,sequence) values ('2a63320d-861e-4b9b-960c-3de5fab157ac','d35b48b4-e57f-4b90-988c-7864da01bb2f','Print',1),('84621585-1e93-4cea-932f-4ddaf1adc2d5','d35b48b4-e57f-4b90-988c-7864da01bb2f','Variable',2),('239c8df8-38f4-446f-89f1-9beb7817a371','d35b48b4-e57f-4b90-988c-7864da01bb2f','Anatomy of variable',3),('818fb5d5-dbab-4a93-b52e-e819418c273c','d35b48b4-e57f-4b90-988c-7864da01bb2f','Values',4),('7df30c58-4a99-4317-a2eb-316eadceb07e','d35b48b4-e57f-4b90-988c-7864da01bb2f','Keywords and Identifiers',5),('1649a33b-422d-44ed-b540-2847556ca672','cdece25a-54ee-4622-b216-8b7d8a104192','Operator introduction',1),('b316b190-afea-450f-b471-523275d0c9c7','cdece25a-54ee-4622-b216-8b7d8a104192','Arithmetic Operator introduction',2),('80a359da-0cc6-4345-99e1-eb95fdbcab79','cdece25a-54ee-4622-b216-8b7d8a104192','Arithmetic Operator example1',3),('7a6dbe6b-814e-41ca-9e55-e3ccae59740a','cdece25a-54ee-4622-b216-8b7d8a104192','Assignment Operator introduction',4),('b0c395a5-3ad4-406a-bed7-25a8d76a4d13','cdece25a-54ee-4622-b216-8b7d8a104192','Assignment operator example1',5),('fc74b78d-3df6-4f07-b844-68b199bf7442','cdece25a-54ee-4622-b216-8b7d8a104192','Logical Operator introduction',6),('f555db69-51ea-40f1-afd1-0173c31c51b3','cdece25a-54ee-4622-b216-8b7d8a104192','Logical AND Explanation',7),('27a42afc-0776-477b-925e-46142b60e7f6','cdece25a-54ee-4622-b216-8b7d8a104192','Logical OR Explanation',8),('fddfbb2c-663a-43dc-9baf-647006eb4292','cdece25a-54ee-4622-b216-8b7d8a104192','Logical NOT Explanation',9),('f493b0b5-2933-40b2-b82c-a6c4f8b00908','cdece25a-54ee-4622-b216-8b7d8a104192','unary operator intro',10),('d821d622-8e31-4727-8edd-43e4ede94dc5','cdece25a-54ee-4622-b216-8b7d8a104192','increment operator',11),('2d06663d-58b2-43ff-bf20-d933c39b43d8','cdece25a-54ee-4622-b216-8b7d8a104192','decrement operator',12),('4522825b-72ac-4007-bfd0-b9ba49f9880e','cdece25a-54ee-4622-b216-8b7d8a104192','Increment operator example',13),('4a690c00-2f6f-4b6b-8b52-0c6f072360e7','cdece25a-54ee-4622-b216-8b7d8a104192','decrement operator example',14),('dcd706ac-6d0f-4b04-897f-92672684c9a7','cdece25a-54ee-4622-b216-8b7d8a104192','Number system',15),('36bfa3fe-9482-4a61-88dd-eb4010c1da1e','cdece25a-54ee-4622-b216-8b7d8a104192','Bitwise operator intro',16),('2741adc6-88a8-4830-ae52-35ae653ebea6','cdece25a-54ee-4622-b216-8b7d8a104192','Bitwise operator &',17),('dcbc51b6-600b-41c4-82db-dea96b06b3c5','cdece25a-54ee-4622-b216-8b7d8a104192','Bitwise operator |',18),('a20589aa-ac2d-47cb-abf5-ed8bf6d42958','cdece25a-54ee-4622-b216-8b7d8a104192','Bitwise operator !',19),('5a66ff14-c5ba-4d8e-a6cc-5c97cbcf8b2b','cdece25a-54ee-4622-b216-8b7d8a104192','Left Shift opertor',20),('ba999b95-58fa-4d9a-96d0-5de1ecca358d','cdece25a-54ee-4622-b216-8b7d8a104192','Right Shift Operator',21),('41a20efb-ed76-43f8-8b63-97ebe3bdc740','cdece25a-54ee-4622-b216-8b7d8a104192','Ternary operator',22),('aadb3a6e-7f45-41d2-91bf-4f4fbbe18e35','cdece25a-54ee-4622-b216-8b7d8a104192','Ternary operator example',23),('83e7defe-207f-4e22-a3a2-b97be36c4e62','cdece25a-54ee-4622-b216-8b7d8a104192','Operator precedence',24),('6be169f8-51f9-4092-88f1-21789ceb41b9','be58b9d7-c5c4-4202-9bb3-8276a8d0a645','If statement',1),('2d5abef6-d2b5-4113-b3bf-9abab1eff121','be58b9d7-c5c4-4202-9bb3-8276a8d0a645','if-else statement',2),('90fd1705-35dd-47fa-8b62-679d270666e1','be58b9d7-c5c4-4202-9bb3-8276a8d0a645','if-else-if statement',3),('0e1597c2-1bba-4065-b324-d69a34421e09','be58b9d7-c5c4-4202-9bb3-8276a8d0a645','Nested if-else statement',4),('cec26176-72ce-4956-90b0-5ac7e272b27d','be58b9d7-c5c4-4202-9bb3-8276a8d0a645','Switch statement',5),('4d36e8db-b863-4e55-8568-e7a0edb7b231','be58b9d7-c5c4-4202-9bb3-8276a8d0a645','Switch statement example',6),('2a50abb4-f0cd-4f15-9c02-d326ecf63fac','be58b9d7-c5c4-4202-9bb3-8276a8d0a645','Switch variants',7),('358a6a88-b8a1-4608-b04d-5969282bd310','a317539e-0abb-417a-89af-c65c391719ab','Loop introduction',1),('723e7bee-ecfa-46dc-a487-fe02c49803c6','a317539e-0abb-417a-89af-c65c391719ab','While loop',2),('2ad0b1ba-365b-46fc-9332-8e243f4ab5c7','a317539e-0abb-417a-89af-c65c391719ab','While loop example1',3),('4e1def4e-1bb4-4cc6-8413-e818390c8ea1','a317539e-0abb-417a-89af-c65c391719ab','While loop example2',4),('4b4973ef-a724-4656-951c-0234a7357653','a317539e-0abb-417a-89af-c65c391719ab','While loop example3',5),('fba17ecf-c752-47fe-8327-18d4c0bf29a2','a317539e-0abb-417a-89af-c65c391719ab','While loop example4',6),('5affbf43-43db-43ae-b3ca-3ede0b6306aa','a317539e-0abb-417a-89af-c65c391719ab','While loop example5',7),('30a00d6a-b619-4cd3-9b24-abc7bc187940','a317539e-0abb-417a-89af-c65c391719ab','do-while loop',8),('fe767240-0538-46a5-b067-cb7ff3c427a6','a317539e-0abb-417a-89af-c65c391719ab','do-while loop example',9),('3cbb8d94-b16b-440b-83a0-3d79600229c3','a317539e-0abb-417a-89af-c65c391719ab','until loop',10),('2161313f-d5c6-4408-891d-45e2d9179cd7','a317539e-0abb-417a-89af-c65c391719ab','strict equals',11),('8f96fcf3-ab8d-4dbf-ba8b-fe33458d0d72','a317539e-0abb-417a-89af-c65c391719ab','range function',12),('97e429b2-0f57-43cc-be04-bcbce983d172','d93e367d-502e-42a9-a6a4-d68eb2e18a89','for loop',1),('2ba7ef62-d8f4-4ae2-876f-af8031e3faaa','d93e367d-502e-42a9-a6a4-d68eb2e18a89','for loop example1',2),('056289eb-e130-4ebc-a911-c1511735d050','d93e367d-502e-42a9-a6a4-d68eb2e18a89','for loop example2',3),('bb2f137f-d011-4c37-9c9a-26bff315af12','d93e367d-502e-42a9-a6a4-d68eb2e18a89','for loop example3',4),('52d18195-87e0-4606-8656-26bbd7278588','d93e367d-502e-42a9-a6a4-d68eb2e18a89','for loop example4',5),('86ac2be5-ad2f-4990-8ba5-9efc8735f43b','d93e367d-502e-42a9-a6a4-d68eb2e18a89','for loop example5',6),('a1532ef2-339a-493c-92a0-ffb9dda5b0ff','d93e367d-502e-42a9-a6a4-d68eb2e18a89','break and continue',7),('8fcb9907-9a1e-43d3-ab57-06dee4f004da','d93e367d-502e-42a9-a6a4-d68eb2e18a89','Nested Loop',8),('4a02533b-5de7-49b1-8560-3a7767236fe4','b7b7755a-5d0f-4c3d-98b4-2ce91044574c','Array introduction',1),('29d76c75-dc64-4f07-8383-dd7f76f7cbf3','b7b7755a-5d0f-4c3d-98b4-2ce91044574c','Array creation',2),('3bccfcca-864d-47e0-ab20-806ab476c2b8','b7b7755a-5d0f-4c3d-98b4-2ce91044574c','1D array explanation',3),('b26e6e78-4565-4afe-bc2f-974e55512ce9','b7b7755a-5d0f-4c3d-98b4-2ce91044574c','2D array explanation',4),('61394e6d-de77-4a6b-90b5-6a7ffce54e56','b7b7755a-5d0f-4c3d-98b4-2ce91044574c','ND array explanation',5),('f57c6c36-40b6-47c3-b43b-410360571cc2','b7b7755a-5d0f-4c3d-98b4-2ce91044574c','1D array example1',6),('0a1adfb1-172a-4e87-9fbe-228946f60ec9','b7b7755a-5d0f-4c3d-98b4-2ce91044574c','1D array example2',7),('fe79f890-459d-4647-b166-510c4788c16f','b7b7755a-5d0f-4c3d-98b4-2ce91044574c','1D array example3',8),('52f78bcd-ea40-4f6a-a38f-afb6bdbb4ebc','b7b7755a-5d0f-4c3d-98b4-2ce91044574c','1D array example4',9),('37bdd7be-5f62-44d9-a550-2e3825726b82','b7b7755a-5d0f-4c3d-98b4-2ce91044574c','1D array example5',10),('033b959e-2786-4b94-9fe6-569ab70b3476','b7b7755a-5d0f-4c3d-98b4-2ce91044574c','2D array example1',11),('b3b0663d-a181-4292-949d-cea8286a37bc','b7b7755a-5d0f-4c3d-98b4-2ce91044574c','2D array example2',12),('8cc4e767-28ee-42ac-a219-8a9d4e5c3c93','5e66bcc8-34f6-4867-89ca-d92cd009d1e1','Context',1),('ef0c851d-76ab-4b03-8304-49a4fc341443','5e66bcc8-34f6-4867-89ca-d92cd009d1e1','Local variable and scope',2),('260c1ba4-e5dc-4c18-ae83-5fb0ee594d7a','5e66bcc8-34f6-4867-89ca-d92cd009d1e1','Example1',3),('01a52527-f05a-4ab5-9018-931f3dbca428','5e66bcc8-34f6-4867-89ca-d92cd009d1e1','Example2',4),('d81f7fc5-cf6e-4f5c-b068-11203f16487a','73ba1622-9732-4c02-8888-cd8cc3c73020','Function intro',1),('880c7a9c-5a08-415b-b8d0-041a701765d2','73ba1622-9732-4c02-8888-cd8cc3c73020','Function syntax',2),('e41d5573-299f-4b70-81ab-13bd0f08b7af','73ba1622-9732-4c02-8888-cd8cc3c73020','Calling function explanation',3),('9a2fb635-b8c2-4343-ad4f-1ea404ad9758','73ba1622-9732-4c02-8888-cd8cc3c73020','Calling function example1',4),('de912590-714d-477f-a13a-1054336637da','73ba1622-9732-4c02-8888-cd8cc3c73020','Calling function example2',5),('269987d4-ee2d-4fcd-aee5-e40a02aab7de','73ba1622-9732-4c02-8888-cd8cc3c73020','Function Execution',6),('b1a642df-1350-4556-9089-47011b533c07','73ba1622-9732-4c02-8888-cd8cc3c73020','Function execution memory',7),('9db68c68-6a7c-4293-853d-69ad1efdb0b2','73ba1622-9732-4c02-8888-cd8cc3c73020','Function parameter introduction',8),('a503fc49-efeb-4093-b97a-25aefdc422cd','73ba1622-9732-4c02-8888-cd8cc3c73020','Calling no parameter function',9),('7f76b3ac-42d2-4606-9ff5-27759734385a','73ba1622-9732-4c02-8888-cd8cc3c73020','Calling single parameter function',10),('ef3c2b72-6d33-4a2e-893c-26b841287909','73ba1622-9732-4c02-8888-cd8cc3c73020','Calling muti parameter function',11),('0e9d7f38-a81f-43da-9b32-eced2f395d98','73ba1622-9732-4c02-8888-cd8cc3c73020','Passing array to function',12),('4b74ac61-44d8-4169-82eb-d95f26d05535','73ba1622-9732-4c02-8888-cd8cc3c73020','Understanding function return type',13),('9b69b4c1-592f-4267-aae9-e239b13b41b9','73ba1622-9732-4c02-8888-cd8cc3c73020','Meaning of void return type',14),('9d67e1d6-1505-458b-8465-0c1d2817b8dd','73ba1622-9732-4c02-8888-cd8cc3c73020','Understanding non-void return type',15),('c1e71f1f-9c10-4bde-9176-da925178df6e','73ba1622-9732-4c02-8888-cd8cc3c73020','Returning array from function',16),('25914902-c9e5-46b5-94be-2902d39f7620','73ba1622-9732-4c02-8888-cd8cc3c73020','Recursive Function call',17),('10d0e6a0-907c-4c09-b1da-7f2db8d48c62','73ba1622-9732-4c02-8888-cd8cc3c73020','What is Function library',18),('99c7e9d5-6ccc-4e1c-bdb2-4cdb2eb860a1','73ba1622-9732-4c02-8888-cd8cc3c73020','Builtin library and user-defined library',19),('acc5feee-73ed-4dcc-a190-1e845f74c98c','73ba1622-9732-4c02-8888-cd8cc3c73020','Array related functions',20),('2dc7353c-e056-40e9-8c01-436078704824','0c3d5443-6caf-4977-b3b5-dd353a1e5711','Class intro',1),('0558661c-1fc0-48c5-a6c1-d9c70c02438b','6928c069-357d-4ef9-9e86-6294bfbf6963','Members of class',1),('f7390680-83a4-4985-b0fe-a77cef1cceff','6928c069-357d-4ef9-9e86-6294bfbf6963','What is static members',2),('5b1ef917-ea64-454f-b160-1d00b20c4cbc','6928c069-357d-4ef9-9e86-6294bfbf6963','What is non-static members',3),('bdb192d2-6330-403f-8690-6e05c6eecb26','6928c069-357d-4ef9-9e86-6294bfbf6963','Instance of class',4),('5bebedbd-b5db-486f-86a7-338d5979f536','6928c069-357d-4ef9-9e86-6294bfbf6963','Reference variable',5),('7f9373f2-e69b-41ae-ba02-b5e29d609b80','6928c069-357d-4ef9-9e86-6294bfbf6963','Heap Memory',6),('f5989fdf-8490-4cfe-9473-d11b424682f9','6928c069-357d-4ef9-9e86-6294bfbf6963','Accessing Data members of Object',7),('4a09f801-2174-4690-b756-a1a4aac8b610','6928c069-357d-4ef9-9e86-6294bfbf6963','Modifying Data members of Object',8),('5614a008-cd6e-4c7d-8f4d-820094dc7420','6928c069-357d-4ef9-9e86-6294bfbf6963','Calling Methods of object',9),('7568a65c-5a59-4143-8eea-a8aba83bb430','6928c069-357d-4ef9-9e86-6294bfbf6963','Reinitializing Reference Variable',10),('6a562a86-5117-47de-a584-4f6f0808f1e8','6928c069-357d-4ef9-9e86-6294bfbf6963','When to use static and non-static members',11),('b3c98383-1788-489c-9b68-25e9173e3959','6928c069-357d-4ef9-9e86-6294bfbf6963','Example1',12),('ae386c8d-0344-4f55-ba85-9d5170d73df3','6928c069-357d-4ef9-9e86-6294bfbf6963','Example2',13),('ce46587c-e83b-446a-9cc3-c3926f3fe0fc','6928c069-357d-4ef9-9e86-6294bfbf6963','Example3',14),('e64053af-ec38-47ed-a4e1-f2bf560689ae','6928c069-357d-4ef9-9e86-6294bfbf6963','Example4',15),('28ebf2ee-9d68-439d-a0df-9ba855710300','8d154ddd-7970-4212-9168-8905525c0eb5','Default initialization',1),('c7170e4f-b665-4931-a0a1-d7f0e041669d','8d154ddd-7970-4212-9168-8905525c0eb5','Need of Constructor',2),('5fcd7020-e1c4-47d2-8218-67d8a552711f','8d154ddd-7970-4212-9168-8905525c0eb5','Syntax of constructor and rules',3),('50e94f0b-a8d5-4c4a-bdc0-371d885a117e','8d154ddd-7970-4212-9168-8905525c0eb5','No parameter constructor',4),('2f6ec4f6-d994-46c4-be7b-564a1df3196c','8d154ddd-7970-4212-9168-8905525c0eb5','Parameterized constructor',5),('8802ad84-43c1-4084-87ac-995d576ccf8e','8d154ddd-7970-4212-9168-8905525c0eb5','Default constructors',6),('0a9342b1-6de4-4644-ba72-a9001d610dd7','8d154ddd-7970-4212-9168-8905525c0eb5','Types of constructors',7),('1b46494a-5467-4da0-94e7-84b45d9ab344','8d154ddd-7970-4212-9168-8905525c0eb5','Constructor Example1',8),('316e95fa-37f0-4b41-8774-3861ab7ac6d3','8d154ddd-7970-4212-9168-8905525c0eb5','Constructor Example1',9),('809d2548-b71f-48aa-9347-fe55954129d4','8d154ddd-7970-4212-9168-8905525c0eb5','Constructor Example1',10),('5064746e-5deb-44ec-bf0f-c110379d728b','8d154ddd-7970-4212-9168-8905525c0eb5','Constructor Overloading',11),('f3bba58b-2723-4f38-abc3-49ac73d35969','8d154ddd-7970-4212-9168-8905525c0eb5','Constructor Overloading Example',12),('fa60951e-f5e1-4db7-bbd8-32a9ba295560','8d154ddd-7970-4212-9168-8905525c0eb5','Final Member variables',13),('b6f6aa6c-e999-4d21-a0db-0a2703ed7c4b','8d154ddd-7970-4212-9168-8905525c0eb5','Initializing final static variables',14),('5da0a305-f969-4014-a4b3-2f7fa54163b0','8d154ddd-7970-4212-9168-8905525c0eb5','Initializing final non-static variables',15),('7242bbc4-018d-4888-8c5e-989590e1f62e','8d154ddd-7970-4212-9168-8905525c0eb5','Final instance variables example',16),('72f31af8-9fb3-4844-8570-117728cbdb3e','8d154ddd-7970-4212-9168-8905525c0eb5','this keyword and this call statement',17),('3a82cfea-9360-4dc3-88ee-ee7619d164e1','229571bf-b469-4715-bf27-51c8387824a2','package declaration',1),('0c84076f-de78-4ab0-8a75-996e9cc76d40','229571bf-b469-4715-bf27-51c8387824a2','import statement',2),('02b4a4d5-3366-4e84-b8bf-7e81b837a5dc','229571bf-b469-4715-bf27-51c8387824a2','Access specifier and its types',3),('7590645d-15bd-4d07-a355-04f80759cbb0','229571bf-b469-4715-bf27-51c8387824a2','Example on access specifier',4),('7df368bb-851a-44ea-9cf3-412651612706','229571bf-b469-4715-bf27-51c8387824a2','Encaspulation introduction',5),('5c27ccf3-4647-4bd1-b4e6-370ac5e077bb','229571bf-b469-4715-bf27-51c8387824a2','getters and setters method',6),('266b972a-11e9-4a16-9c6a-1bd22b45b95a','229571bf-b469-4715-bf27-51c8387824a2','Bean class structure',7),('bfc3bac5-fff5-4f55-a35f-56f2196d86e2','229571bf-b469-4715-bf27-51c8387824a2','What is private constructor ?',8),('66da3df5-f176-4f89-b27f-fe48545183d1','13856e66-c01f-48ec-8abb-70b846495760','What is inheritance ?',1),('7ba02a27-2fd6-4dd1-ba68-c497287bc72c','13856e66-c01f-48ec-8abb-70b846495760','Code to do inheritance',2),('4b1f3e3b-d5c4-43ee-887d-d8ca8537b76c','13856e66-c01f-48ec-8abb-70b846495760','Types of inheritance',3),('45c33394-a6fd-4e53-b950-18384b79e4df','13856e66-c01f-48ec-8abb-70b846495760','Constructor chaining',4),('afb1fe02-af2e-4bd5-a17a-bad5c031ed84','13856e66-c01f-48ec-8abb-70b846495760','Method overloading',5),('40efea7e-7d7b-4b4a-901b-00f69e61c436','13856e66-c01f-48ec-8abb-70b846495760','Method overridding',6),('0af89a56-cf08-4bd1-921b-506662e8c20f','13856e66-c01f-48ec-8abb-70b846495760','Rules of method overriding',7),('d7bcfc2d-8b05-4a47-b53b-2d04d0549618','13856e66-c01f-48ec-8abb-70b846495760','Liskov Substitution principle',8),('00b0b486-518d-4787-92d2-378c36170e0f','13856e66-c01f-48ec-8abb-70b846495760','Sealed Classes',9),('5079d4a0-775d-49d5-9e46-591b91d75a1c','1eb20740-7b11-462e-913b-3b98b5a7aa4d','What is abstract method and concrete method',1),('21bbe45a-1ef6-4e60-8dca-1b1dfd0e96d0','1eb20740-7b11-462e-913b-3b98b5a7aa4d','What is abstract class ?',2),('73f6b381-9b0f-49e1-9667-bb0459bfd799','1eb20740-7b11-462e-913b-3b98b5a7aa4d','accessing static members of abstract class',3),('80837f28-8b15-433a-9e62-e66ba06559ab','1eb20740-7b11-462e-913b-3b98b5a7aa4d','accessing static members of abstract class example',4),('e2161691-7532-4698-83bc-bcc1bfc244c0','1eb20740-7b11-462e-913b-3b98b5a7aa4d','overriding abstract methods of abstract class',5),('5363bfbb-8e26-45aa-919f-526fe8c5363c','1eb20740-7b11-462e-913b-3b98b5a7aa4d','Contract of abstract',6),('15d29a7e-96cb-455c-8df5-6a24f339a57e','1eb20740-7b11-462e-913b-3b98b5a7aa4d','overriding abstract methods of abstract class example',7),('65e35496-77ed-47a1-b550-57e5daa661bc','1eb20740-7b11-462e-913b-3b98b5a7aa4d','Applying Liskov Substitution Principle on abstract class',8),('195bc9b5-f790-4b7f-8f0c-f20efc635975','1eb20740-7b11-462e-913b-3b98b5a7aa4d','Why abstract class ?',9),('c74ccbab-db99-474d-b521-bbac4e106061','aca62a8c-b82a-44b1-a143-4b29b2ed0f32','What is interface ?',1),('e94e4453-f7d4-48ba-9789-84ca5f37833a','aca62a8c-b82a-44b1-a143-4b29b2ed0f32','Implementing abstract methods of interfaces',2),('dc19b44f-3477-4e1d-a915-c8b37f44747a','aca62a8c-b82a-44b1-a143-4b29b2ed0f32','Examples',3),('12baef4e-992d-410f-aa44-67021906d143','aca62a8c-b82a-44b1-a143-4b29b2ed0f32','Different ways of implementing interface methods',4),('760133db-4b53-4279-aa0a-eb80b93a8576','aca62a8c-b82a-44b1-a143-4b29b2ed0f32','Applying Liskov Substitution Principle on interface',5),('9291dd07-aafc-4710-aa2d-f3e668278d75','aca62a8c-b82a-44b1-a143-4b29b2ed0f32','Interface extending another interface',6),('e8cc11a3-2ac6-4b16-ba58-41f20f1bcd92','aca62a8c-b82a-44b1-a143-4b29b2ed0f32','Class implementing multiple interfaces',7),('187b155c-b638-42b3-a6bb-2e0fbd0e7c3c','aca62a8c-b82a-44b1-a143-4b29b2ed0f32','static and default methods',8),('379c79a1-57ab-4f14-bd91-fd78e49dd5c3','f3bd8fdc-2936-4d7e-8d97-45499b49293f','Type Casting introduction',1),('ae99de30-9185-42c3-b914-3f53b6768695','f3bd8fdc-2936-4d7e-8d97-45499b49293f','Data type casting / primitive type casting',2),('460beef9-b34c-46cb-9779-b78aacb8d6ad','f3bd8fdc-2936-4d7e-8d97-45499b49293f','Data type casting / primitive type casting',3),('d25c4ae9-939d-49f6-b3ce-4efb20c5be36','f3bd8fdc-2936-4d7e-8d97-45499b49293f','Class Type Casting/ Non-primitive Type Casting',4),('a8d1ddb6-113e-402d-bd45-808fd0535d1f','f3bd8fdc-2936-4d7e-8d97-45499b49293f','Class Type Casting/ Non-primitive Type Casting',5),('0bf85a9e-d5f4-44d6-be43-1d0d4c821b37','93047114-ff8a-4008-8dd3-62623f8bd781','Method parameter class type',1),('e4f531f3-6935-4bb9-b162-e2f7907d1752','93047114-ff8a-4008-8dd3-62623f8bd781','Method parameter interface type',2),('ba1cda74-3b41-4d39-a0c5-439948f9e72c','93047114-ff8a-4008-8dd3-62623f8bd781','Passing Child class objects',3),('bfe4dd00-1f4d-40a4-a0ac-a9a448e0c91f','5601d90d-8784-4213-b5a8-1e20ef778331','Method return type class type',1),('bbbd3c25-44c5-4d73-a4d2-dffff9517714','5601d90d-8784-4213-b5a8-1e20ef778331','Method return interface type',2),('3b797b2d-065f-45bd-a126-1e990c21f0a1','5601d90d-8784-4213-b5a8-1e20ef778331','Returning child class objects from method',3),('b732f8a9-a23f-4d2f-b67a-53586e1e2323','2d3c8017-3fd7-4b0e-9bac-5771aa82e56b','What is Generalization?',1),('cd37b1bb-bbaf-4aaa-8c98-354d9e5f959c','2d3c8017-3fd7-4b0e-9bac-5771aa82e56b','Generalization example',2),('6dfe5998-fe39-482f-b601-3fc7958ae69c','2d3c8017-3fd7-4b0e-9bac-5771aa82e56b','What is specialization ?',3),('5897f6e1-0daf-495e-ae41-665dff285958','2d3c8017-3fd7-4b0e-9bac-5771aa82e56b','Specialization Example',4),('1fd1e9c7-1aa3-481a-83cb-ed64f55799a8','925ec2c5-6392-4d64-b58e-6ecda6d7421e','What is polymorphism and types of polymorphism',1),('e53ef279-57d9-4021-aff9-b6cf6e8d11f9','925ec2c5-6392-4d64-b58e-6ecda6d7421e','Compile time polymorphism',2),('e1ba7956-e167-4371-8aa4-92e1a6a269ee','925ec2c5-6392-4d64-b58e-6ecda6d7421e','Run time polymorphism',3),('6fa501eb-9ab6-4add-9a99-b14a0893b68e','925ec2c5-6392-4d64-b58e-6ecda6d7421e','Benefits of polymorphism',4),('6b07bd2f-3ab3-42e1-bac0-6f850fa15bfd','59e5968a-757a-4ed6-8328-5f0731429bd0','What is abstraction ?',1),('5236209b-b18e-4792-b8f6-3fd2d4b1e435','59e5968a-757a-4ed6-8328-5f0731429bd0','Abstraction using abstract class',2),('ed5a9da5-ddb4-42e6-9e94-d6ce368ef91e','59e5968a-757a-4ed6-8328-5f0731429bd0','Abstraction using interface',3),('9f3b0db1-1096-4207-9eac-6b73f7434a59','59e5968a-757a-4ed6-8328-5f0731429bd0','Benefits of Abstraction',4),('acd3bac0-1190-4fa0-97c1-b413b57f42c5','4fd5c20c-11cc-4a6e-9a2c-f8273af5265c','Reference variable as member variable',1),('8caa350e-62e8-4db6-8857-780d00158a7c','4fd5c20c-11cc-4a6e-9a2c-f8273af5265c','Static reference variable',2),('63a94cce-b446-45c0-99bd-2e5115534680','4fd5c20c-11cc-4a6e-9a2c-f8273af5265c','Non-static reference variable',3),('fbd6c7a2-f9e2-4fc0-a6f8-f60339cb2974','4fd5c20c-11cc-4a6e-9a2c-f8273af5265c','Association and types of Association',4),('0adc9d51-b8b1-4611-a874-766b3ed88e9f','4fd5c20c-11cc-4a6e-9a2c-f8273af5265c','Composition',5),('dacc23a8-e9f5-4efb-83aa-b2b10074b5ad','4fd5c20c-11cc-4a6e-9a2c-f8273af5265c','Aggregation',6),('6aa640bf-f3c6-408c-b713-d391ac01c1f1','4fd5c20c-11cc-4a6e-9a2c-f8273af5265c','Tight Coupling',7),('8ff9299b-9cb8-4c4d-8535-ee867604e698','4fd5c20c-11cc-4a6e-9a2c-f8273af5265c','Loose Coupling',8),('d79af94f-cc46-423e-99d4-e4e75ab415a5','77862b5f-c1ac-479a-8343-956f1a7e4ad1','wait(), notify(), notifyAll()',1),('719662c3-2193-468d-87d5-920fb1d0cfc0','77862b5f-c1ac-479a-8343-956f1a7e4ad1','Deadlock',2),('194b28e8-419d-4ce5-9e9a-d24378ba5beb','77862b5f-c1ac-479a-8343-956f1a7e4ad1','Race Condition',3),('a8bb4b08-26e8-447a-a85a-350a6866f93c','77862b5f-c1ac-479a-8343-956f1a7e4ad1','Thread Safety',4),('27208571-82bb-430a-9921-78a274dda924','77862b5f-c1ac-479a-8343-956f1a7e4ad1','Volatile Keyword',5),('4427d53f-8c31-4d10-b5d9-14a7eea2fd0a','77862b5f-c1ac-479a-8343-956f1a7e4ad1','ThreadLocal',6),('6437def2-9c4d-4a65-8d3f-ed923584b506','77862b5f-c1ac-479a-8343-956f1a7e4ad1','Daemon Threads',7),('6a35c35b-cde8-4f6b-b598-31c5283e53cf','77862b5f-c1ac-479a-8343-956f1a7e4ad1','Executor Framework',8),('7a9d92d8-a4cd-4a10-83c2-d5acad8e776c','77862b5f-c1ac-479a-8343-956f1a7e4ad1','Thread Pool',9),('40071a22-cdd1-4db7-b057-3a02c124e4b3','77862b5f-c1ac-479a-8343-956f1a7e4ad1','Callable and Future',10),('2a4c44d8-aa28-4254-8202-97883ed61a38','77862b5f-c1ac-479a-8343-956f1a7e4ad1','ForkJoin Framework',11),('ae056d1f-8376-4252-9370-691dd3b67b02','77862b5f-c1ac-479a-8343-956f1a7e4ad1','Locks (ReentrantLock)',12),('77c3bbe8-1f15-4f2d-a7d9-eb47e2dc4078','77862b5f-c1ac-479a-8343-956f1a7e4ad1','ReadWriteLock',13),('9a86d125-05fb-49ef-9805-208fada96cdb','77862b5f-c1ac-479a-8343-956f1a7e4ad1','Concurrent Collections',14),('eca83d12-1bdd-4bf7-9457-adbfe347d845','77862b5f-c1ac-479a-8343-956f1a7e4ad1','Atomic Variables',15),('75313afc-f53a-4477-86bd-99af1f62c57c','77862b5f-c1ac-479a-8343-956f1a7e4ad1','BlockingQueue',16),('a826667a-c344-475b-949b-658dc6abf626','77862b5f-c1ac-479a-8343-956f1a7e4ad1','CountDownLatch',17),('fda0ab8e-d8b3-4eb3-a509-1d07ffef1c9d','77862b5f-c1ac-479a-8343-956f1a7e4ad1','CompletableFuture',18),('2249221b-53e6-4be2-bcba-af930eedb7b2','77862b5f-c1ac-479a-8343-956f1a7e4ad1','Parallel Streams',19),('9978a643-a56a-41de-ace6-cb0cf5e48cc7','64e51d75-2e5e-460d-bf76-7f5fe573b436','Introduction to File Handling',1),('c3d0bf08-f8a8-4e9f-94c4-e483d9f91e5d','64e51d75-2e5e-460d-bf76-7f5fe573b436','File Class',2),('4c11b50c-3b7c-4e77-b446-59e4d7c741a7','64e51d75-2e5e-460d-bf76-7f5fe573b436','Creating a File',3),('bcb59f33-00b2-42b2-b091-95ce02d02b89','64e51d75-2e5e-460d-bf76-7f5fe573b436','Reading from a File',4),('3c0ba305-52b5-46f6-b2b7-f6a5d6386c58','64e51d75-2e5e-460d-bf76-7f5fe573b436','Writing to a File',5),('a859816c-1d63-4d45-9b38-8902d45928a4','64e51d75-2e5e-460d-bf76-7f5fe573b436','File InputStream',6),('e8925694-77f2-4b6d-b67a-190389e02752','64e51d75-2e5e-460d-bf76-7f5fe573b436','File OutputStream',7),('a4802e93-d0f6-4e6d-b4d0-ea2f6838bd4d','64e51d75-2e5e-460d-bf76-7f5fe573b436','Byte Streams',8),('a864d73c-68d4-4366-9536-daa6da30cf62','64e51d75-2e5e-460d-bf76-7f5fe573b436','Character Streams',9),('d1c94b36-35f9-4023-a786-634360f4f92f','64e51d75-2e5e-460d-bf76-7f5fe573b436','FileReader',10),('3f69c270-a283-4fc3-b286-2db47babcbc8','64e51d75-2e5e-460d-bf76-7f5fe573b436','FileWriter',11),('14501a56-dbf9-4f61-abef-a46701a50d51','64e51d75-2e5e-460d-bf76-7f5fe573b436','BufferedReader',12),('2ce6e726-d106-41d8-97ee-b9658b878011','64e51d75-2e5e-460d-bf76-7f5fe573b436','BufferedWriter',13),('73900f5f-4fcc-409d-837b-054b0a8d82bd','64e51d75-2e5e-460d-bf76-7f5fe573b436','PrintWriter',14),('1cc73cb4-7931-489d-8d4b-79ca9796b640','64e51d75-2e5e-460d-bf76-7f5fe573b436','InputStreamReader',15),('629f131d-4bbf-444f-aea5-3ce5f48c29ca','64e51d75-2e5e-460d-bf76-7f5fe573b436','OutputStreamWriter',16),('2de55f4c-ddbe-4f5a-9836-42ed7f37fc98','64e51d75-2e5e-460d-bf76-7f5fe573b436','Reading Line by Line',17),('98c024d1-7180-4ca0-bd66-421c33f3e783','64e51d75-2e5e-460d-bf76-7f5fe573b436','File Paths and Directories',18),('13a78877-0201-44a0-bb54-427b3c92e015','64e51d75-2e5e-460d-bf76-7f5fe573b436','File Permissions',19),('42991246-eb30-43f1-a7c0-f0cbc1c1cf51','64e51d75-2e5e-460d-bf76-7f5fe573b436','RandomAccessFile',20),('1aa3dc57-b038-49cb-b4a8-010388aaccc8','64e51d75-2e5e-460d-bf76-7f5fe573b436','Serialization',21),('2c37a03a-bb52-4b85-bced-bb5786d94ed9','64e51d75-2e5e-460d-bf76-7f5fe573b436','Deserialization',22),('5cbe4619-3189-492a-bebd-d6171eca1b15','64e51d75-2e5e-460d-bf76-7f5fe573b436','ObjectInputStream',23),('93895d04-3a5c-440a-a949-0e59342d0983','64e51d75-2e5e-460d-bf76-7f5fe573b436','ObjectOutputStream',24),('0265d2a7-e9b3-44bf-b47c-06d33f70f6a2','64e51d75-2e5e-460d-bf76-7f5fe573b436','Transient Keyword',25),('b24b2267-b91c-4066-884e-e1d7bcdc2952','64e51d75-2e5e-460d-bf76-7f5fe573b436','Externalizable Interface',26),('130d0efe-b1d3-46b0-a16c-e4812ade0d1c','64e51d75-2e5e-460d-bf76-7f5fe573b436','NIO Package Introduction',27),('265d25d9-91a9-4f72-808b-299d7d1ad076','64e51d75-2e5e-460d-bf76-7f5fe573b436','Path Interface',28),('02f5b227-f165-4345-93d4-0cc3da551118','64e51d75-2e5e-460d-bf76-7f5fe573b436','Files Utility Class',29),('11e1600e-0235-4ce9-af2a-c24f30066f66','64e51d75-2e5e-460d-bf76-7f5fe573b436','File Channels',30),('5f46b97d-34d7-4be3-948d-49a2cafe0a91','64e51d75-2e5e-460d-bf76-7f5fe573b436','Memory Mapped Files',31),('8bfeeb39-09bb-4be0-81c3-c5c84bf6c8bd','64e51d75-2e5e-460d-bf76-7f5fe573b436','File Copy Operations',32),('10d7cc9d-5d6e-4651-9527-41a06d5382d0','64e51d75-2e5e-460d-bf76-7f5fe573b436','Exception Handling in File Operations',33),('0b85454d-1de9-4b62-93a5-7c7de6abfcaa','64e51d75-2e5e-460d-bf76-7f5fe573b436','try-with-resources in File Handling',34),('d4ba6ff6-23da-49ce-8aee-bfe618562327','26712cca-4a96-4b2d-914c-3ad24bfaa486','Introduction to Object Class',1),('aaa551cc-d584-4305-a95e-be474727af31','26712cca-4a96-4b2d-914c-3ad24bfaa486','Methods of Object Class',2),('fea86eca-3a72-4fbb-8229-c56cda42ea40','26712cca-4a96-4b2d-914c-3ad24bfaa486','toString() Method',3),('5cf65737-0510-4642-acaf-a53cf72fce73','26712cca-4a96-4b2d-914c-3ad24bfaa486','equals() Method',4),('6fd8291e-0120-4272-a9a0-048264deafae','26712cca-4a96-4b2d-914c-3ad24bfaa486','hashCode() Method',5),('f9cb7780-24c5-40c8-b815-e0d0bd1bc224','26712cca-4a96-4b2d-914c-3ad24bfaa486','clone() Method',6),('827df3ce-b11b-4348-aa9d-95983b382fbe','26712cca-4a96-4b2d-914c-3ad24bfaa486','getClass() Method',7),('2f82200b-6179-40e7-9546-bf2d2486eb8e','26712cca-4a96-4b2d-914c-3ad24bfaa486','finalize() Method',8),('595e9b78-b373-420d-b9e6-6113353945e4','26712cca-4a96-4b2d-914c-3ad24bfaa486','wait() Method',9),('8f01afad-67a8-4862-afe3-9ff0ddbc8216','26712cca-4a96-4b2d-914c-3ad24bfaa486','notify() Method',10),('163cdf83-030c-4140-9971-0cbf7d7a9318','26712cca-4a96-4b2d-914c-3ad24bfaa486','notifyAll() Method',11),('3d9246c0-50e8-4cf6-8a3c-f28e8557f3d2','26712cca-4a96-4b2d-914c-3ad24bfaa486','Shallow Copy vs Deep Copy',12),('36b0ae75-0224-4163-a8e2-05a46e4587c2','26712cca-4a96-4b2d-914c-3ad24bfaa486','Overriding equals() and hashCode()',13),('b2e09313-7643-48ff-987d-f1f8f71fe7ae','26712cca-4a96-4b2d-914c-3ad24bfaa486','Contract between equals() and hashCode()',14),('62306183-883c-44aa-bdc2-656de7317fcc','26712cca-4a96-4b2d-914c-3ad24bfaa486','Object Cloning (Cloneable Interface)',15),('6b5dd3e4-ead8-4789-b5e9-21529060fc20','dc3b12a6-7b6a-41ff-8d53-28e130a457fa','Introduction to Java 8 Features',1),('ad962ed7-cc6b-4660-b32e-5ab472c9caf8','dc3b12a6-7b6a-41ff-8d53-28e130a457fa','Lambda Expressions',2),('7431685f-1c16-4e74-813d-0467b8475186','dc3b12a6-7b6a-41ff-8d53-28e130a457fa','Functional Interfaces',3),('94d2b9b2-cd63-4219-a411-c0152bd73695','dc3b12a6-7b6a-41ff-8d53-28e130a457fa','Built-in Functional Interfaces',4),('32787cba-b4e0-418c-9e4e-2a4c08ea6e19','dc3b12a6-7b6a-41ff-8d53-28e130a457fa','Method References',5),('dc8f4791-ad24-4154-9ed7-e9bc5be70978','dc3b12a6-7b6a-41ff-8d53-28e130a457fa','Stream API',6),('d70d98aa-2e38-42de-98d3-b9722a3f4f84','dc3b12a6-7b6a-41ff-8d53-28e130a457fa','Stream Operations (Intermediate)',7),('e1a78162-8298-4f2c-b8ea-f7ff3b34980b','dc3b12a6-7b6a-41ff-8d53-28e130a457fa','Stream Operations (Terminal)',8),('7af7885b-ae95-4f66-a20d-30a2d5e8eb40','dc3b12a6-7b6a-41ff-8d53-28e130a457fa','Parallel Streams',9),('c36d48f8-4ea8-4ee8-82a0-cdc6a695ac29','dc3b12a6-7b6a-41ff-8d53-28e130a457fa','Optional Class',10),('0564bb8e-1408-4f8c-a63c-0becb813c311','dc3b12a6-7b6a-41ff-8d53-28e130a457fa','Default Methods in Interfaces',11),('018cf10b-af3b-4738-b37f-bcfd7b480d18','dc3b12a6-7b6a-41ff-8d53-28e130a457fa','Static Methods in Interfaces',12),('6e5bc781-1b58-462a-ac45-761002a498ee','dc3b12a6-7b6a-41ff-8d53-28e130a457fa','Date and Time API (java.time)',13),('66637f13-115e-4332-959b-9579e6f2f6ce','dc3b12a6-7b6a-41ff-8d53-28e130a457fa','Collectors Utility',14),('64b61654-9d9e-4b92-868a-b756f52fa9d1','dc3b12a6-7b6a-41ff-8d53-28e130a457fa','CompletableFuture',15),('404fdc75-0d73-4876-b0ba-c8f084e9c98b','dc3b12a6-7b6a-41ff-8d53-28e130a457fa','Private Methods in Interfaces',16),('34a945a6-2903-43a6-a748-f2c7ea699caa','dc3b12a6-7b6a-41ff-8d53-28e130a457fa','Java 10 Features (var keyword)',17),('b5fc0ddb-695d-409d-ad71-a128d98e9c2d','dc3b12a6-7b6a-41ff-8d53-28e130a457fa','Java 11 Features (String Enhancements)',18),('630def62-8927-4f68-a7c9-65adb697a6b0','dc3b12a6-7b6a-41ff-8d53-28e130a457fa','Java 12+ Switch Expressions',19),('c0303b09-9784-42e8-98ae-c8cc6cc17278','dc3b12a6-7b6a-41ff-8d53-28e130a457fa','Java 14 Records',20),('32a55231-53f3-438b-ba67-e8b5abc616ba','dc3b12a6-7b6a-41ff-8d53-28e130a457fa','Java 15 Sealed Classes',21),('91024e3d-5abc-4be9-b44b-1746ded9de80','dc3b12a6-7b6a-41ff-8d53-28e130a457fa','Text Blocks',22),('73cf00f3-0a74-4a1b-9545-53772334fdd7','dc3b12a6-7b6a-41ff-8d53-28e130a457fa','Pattern Matching for instanceof',23),('026c7e56-c15d-45f6-a8b5-8d8e46f07652','dc3b12a6-7b6a-41ff-8d53-28e130a457fa','Garbage Collector Enhancements',24),('5cc08582-8c0b-47f9-9d39-77c77a14db9f','11f355e4-a723-4369-9acf-da52a8140fd3','Introduction to Reflection',1),('b02d713c-0fcb-44cb-8769-1cf09fcd3d63','11f355e4-a723-4369-9acf-da52a8140fd3','Need for Reflection',2),('a6a178e5-78d0-4acc-9ed8-684bc8b5a363','11f355e4-a723-4369-9acf-da52a8140fd3','java.lang.reflect Package',3),('2b50c75f-976c-4a13-a493-a7ff71c6032f','11f355e4-a723-4369-9acf-da52a8140fd3','Class Class Overview',4),('885fbf80-64e0-47cf-9cf0-5aeebf02a811','11f355e4-a723-4369-9acf-da52a8140fd3','Obtaining Class Object',5),('37f46db9-e1c8-4630-ad8a-8362727f6c54','11f355e4-a723-4369-9acf-da52a8140fd3','Inspecting Class Metadata',6),('b1bfeefe-8ae0-47e0-8f00-9b4f8911b868','11f355e4-a723-4369-9acf-da52a8140fd3','Fields Inspection',7),('bad340ce-591d-48d8-aa53-874f9102abbe','11f355e4-a723-4369-9acf-da52a8140fd3','Methods Inspection',8),('c327a1fb-b050-43d7-b044-16ad0c633d3c','11f355e4-a723-4369-9acf-da52a8140fd3','Constructors Inspection',9),('0de220cb-78b7-4dc0-9a35-4b05b79364c0','11f355e4-a723-4369-9acf-da52a8140fd3','Accessing Private Members',10),('36f8d797-d390-4bae-b412-155d26002c96','11f355e4-a723-4369-9acf-da52a8140fd3','Invoking Methods Dynamically',11),('be89d3d6-bdb6-4019-826a-add0b164bbc9','11f355e4-a723-4369-9acf-da52a8140fd3','Creating Objects using Reflection',12),('76903982-420b-402b-946a-d6042690f451','11f355e4-a723-4369-9acf-da52a8140fd3','Annotations with Reflection',13),('3db6a69e-9c55-4bec-ab95-07f6291187f5','11f355e4-a723-4369-9acf-da52a8140fd3','Modifying Field Values',14),('f25b623c-94b8-40f5-9353-765cf77292aa','11f355e4-a723-4369-9acf-da52a8140fd3','Array Handling using Reflection',15),('408bfbae-9492-4d56-b72b-9222fa43c2da','11f355e4-a723-4369-9acf-da52a8140fd3','Proxy Classes',16),('87758e17-639f-464e-a528-f10d2a3ace10','11f355e4-a723-4369-9acf-da52a8140fd3','Dynamic Proxies',17),('b7435e5d-0e8f-4c1f-b67f-7ab92142d623','11f355e4-a723-4369-9acf-da52a8140fd3','Security Restrictions',18),('1cb6711c-eca7-4c0b-81ce-70ed30da5d88','634e599b-bf31-4b7e-b40f-672b8af1cf73','Introduction to String',1),('696b36dc-d2a4-4022-8cff-26f814ff505b','634e599b-bf31-4b7e-b40f-672b8af1cf73','String Class Overview',2),('86306507-ca6d-4c9c-8d87-bab5b0dbf5bf','634e599b-bf31-4b7e-b40f-672b8af1cf73','Creating String Objects',3),('4097b1eb-214f-472e-84f7-926a80135869','634e599b-bf31-4b7e-b40f-672b8af1cf73','String Literals',4),('14e73efd-d2c0-4ed4-bef4-bef5c0e2cb76','634e599b-bf31-4b7e-b40f-672b8af1cf73','String Pool (String Constant Pool)',5),('24151cff-ed09-41e1-ad12-41cbc94baa00','634e599b-bf31-4b7e-b40f-672b8af1cf73','String Immutability',6),('d668778f-ebd7-40dc-a558-80f0d1ff3f90','634e599b-bf31-4b7e-b40f-672b8af1cf73','Memory Management of Strings',7),('51b2bb5e-a3cc-43f4-9ec3-ce8f36ebde61','634e599b-bf31-4b7e-b40f-672b8af1cf73','String Operations',8) on conflict (topic_id,name,sequence) do nothing;
insert into content_item (id,subtopic_id) values ('f3c4f017-f016-4c3c-80b4-13b8e2c93e49','2a63320d-861e-4b9b-960c-3de5fab157ac'),('d23954b0-2069-4d2c-874b-83521bc45c43','84621585-1e93-4cea-932f-4ddaf1adc2d5'),('fe2c3c33-8e01-447f-9324-690ec27fc82f','239c8df8-38f4-446f-89f1-9beb7817a371'),('18f768f2-47b5-4140-9a35-60fc6b79587a','818fb5d5-dbab-4a93-b52e-e819418c273c'),('b36e49f5-e865-4fcf-a405-53c2776398dc','7df30c58-4a99-4317-a2eb-316eadceb07e'),('46453945-2dbd-48dd-9fb3-8d8a8aa31274','1649a33b-422d-44ed-b540-2847556ca672'),('0c10b7ce-a292-4df1-aed3-954158d20a54','b316b190-afea-450f-b471-523275d0c9c7'),('693a0b35-7e1d-4a8f-92a3-d7810c39885c','80a359da-0cc6-4345-99e1-eb95fdbcab79'),('c86a3bba-e542-4943-82a2-848a953fc042','7a6dbe6b-814e-41ca-9e55-e3ccae59740a'),('0fc4862c-cb84-429d-a892-2cf292d9913b','b0c395a5-3ad4-406a-bed7-25a8d76a4d13'),('9159adc2-583e-468e-a77a-c8de2edde825','fc74b78d-3df6-4f07-b844-68b199bf7442'),('f71269f8-8d2e-49e4-a3b9-645014b29a2a','f555db69-51ea-40f1-afd1-0173c31c51b3'),('80fe995d-484f-465f-8a81-6168f8ec0b4f','27a42afc-0776-477b-925e-46142b60e7f6'),('54988a32-06a4-483d-901f-6155ef2a0fbe','fddfbb2c-663a-43dc-9baf-647006eb4292'),('a07d6c64-2bc5-494c-8776-61bad47bfcde','f493b0b5-2933-40b2-b82c-a6c4f8b00908'),('c86680d9-c51d-4263-832e-9decd81dd3f5','d821d622-8e31-4727-8edd-43e4ede94dc5'),('dd15965a-b108-47d7-9341-0ed9ad228b7f','2d06663d-58b2-43ff-bf20-d933c39b43d8'),('3c4820e3-c120-4cce-a744-d59029353836','4522825b-72ac-4007-bfd0-b9ba49f9880e'),('e6c161f7-c670-48f2-beed-dce7ae22f9f3','4a690c00-2f6f-4b6b-8b52-0c6f072360e7'),('2c324850-6153-4eee-aec2-3cb432598692','dcd706ac-6d0f-4b04-897f-92672684c9a7'),('5f96782c-cac2-49d4-be10-848f5e24b678','36bfa3fe-9482-4a61-88dd-eb4010c1da1e'),('536e1c8a-3303-4670-9297-33ffcfe497ce','2741adc6-88a8-4830-ae52-35ae653ebea6'),('dee53279-c873-4cee-bc36-e3a5bb29fc2c','dcbc51b6-600b-41c4-82db-dea96b06b3c5'),('660567d5-a8e7-4ab9-ae35-0f418a90bb66','a20589aa-ac2d-47cb-abf5-ed8bf6d42958'),('ad19dc65-4756-4432-8ed7-95962e66e4d8','5a66ff14-c5ba-4d8e-a6cc-5c97cbcf8b2b'),('c75d9527-2a81-426e-802a-bb3be27a25c6','ba999b95-58fa-4d9a-96d0-5de1ecca358d'),('0bb3aaf0-eccf-4f3b-8385-90522e1dbc7f','41a20efb-ed76-43f8-8b63-97ebe3bdc740'),('c3186404-5c3a-40e6-8f01-8ef91b48dfee','aadb3a6e-7f45-41d2-91bf-4f4fbbe18e35'),('bfce4f25-4f89-43e7-b19f-f810e4085070','83e7defe-207f-4e22-a3a2-b97be36c4e62'),('a46c01b4-fdf4-4b75-bc81-38637e482282','6be169f8-51f9-4092-88f1-21789ceb41b9'),('b421481c-db10-486a-b8b3-883790e83898','2d5abef6-d2b5-4113-b3bf-9abab1eff121'),('7927262a-fa8d-4553-aa94-d9d20cccbc47','90fd1705-35dd-47fa-8b62-679d270666e1'),('7bb0f9ca-684d-421d-8367-4ccdcc6e4553','0e1597c2-1bba-4065-b324-d69a34421e09'),('f045d895-9070-4cac-9fb2-a9b49d811ab0','cec26176-72ce-4956-90b0-5ac7e272b27d'),('5ddb635a-7a15-4a00-ad0d-fd8df13ba735','4d36e8db-b863-4e55-8568-e7a0edb7b231'),('9675a284-5ec1-4c32-83dd-521815a692c5','2a50abb4-f0cd-4f15-9c02-d326ecf63fac'),('fc1da33a-a96e-467f-b574-bf31170ce488','358a6a88-b8a1-4608-b04d-5969282bd310'),('a008c2d4-06a9-4e10-95d7-13f2fd7a30e3','723e7bee-ecfa-46dc-a487-fe02c49803c6'),('7b695945-2c7a-46a8-837b-6a6d66d6c54f','2ad0b1ba-365b-46fc-9332-8e243f4ab5c7'),('fc48253f-97c0-4b1b-846a-08f212075a09','4e1def4e-1bb4-4cc6-8413-e818390c8ea1'),('fb508201-60b0-4d89-9db7-45691a8e47e6','4b4973ef-a724-4656-951c-0234a7357653'),('c1824872-77c1-4000-abaf-97bf23e6274f','fba17ecf-c752-47fe-8327-18d4c0bf29a2'),('10afe257-3306-438c-83fb-d86d6fb10b03','5affbf43-43db-43ae-b3ca-3ede0b6306aa'),('6442474c-f04c-4b42-8f5d-9a79cd3137bd','30a00d6a-b619-4cd3-9b24-abc7bc187940'),('4b8e2ce1-ecec-4054-a20e-95ec3b6f0208','fe767240-0538-46a5-b067-cb7ff3c427a6'),('9dd7bd91-352c-4cd9-a876-0dc1107a77a5','3cbb8d94-b16b-440b-83a0-3d79600229c3'),('615930b7-77e7-4533-90d3-873a6bd5b794','2161313f-d5c6-4408-891d-45e2d9179cd7'),('9e179063-6cfa-4057-be3e-a9e72164c63a','8f96fcf3-ab8d-4dbf-ba8b-fe33458d0d72'),('2b724c57-b0d4-441d-a9f8-b102a0311f57','97e429b2-0f57-43cc-be04-bcbce983d172'),('07e3620f-2591-43e7-b2e7-cfbb7dead5c6','2ba7ef62-d8f4-4ae2-876f-af8031e3faaa'),('386ade87-09d9-478b-9e4b-547d27a4b836','056289eb-e130-4ebc-a911-c1511735d050'),('2718a9a2-c5fc-4916-8941-c8c486ea842b','bb2f137f-d011-4c37-9c9a-26bff315af12'),('b044a519-d027-4394-b49e-125a8cec9e63','52d18195-87e0-4606-8656-26bbd7278588'),('bb5140c4-abd1-4b12-8cad-2aa01cd2afc2','86ac2be5-ad2f-4990-8ba5-9efc8735f43b'),('dbea82c6-e664-405d-b07e-e1df3794c0d7','a1532ef2-339a-493c-92a0-ffb9dda5b0ff'),('1e6f4911-a4d6-488c-9683-c07b8026b13c','8fcb9907-9a1e-43d3-ab57-06dee4f004da'),('c14646a8-9264-4195-a872-a00ac775581b','4a02533b-5de7-49b1-8560-3a7767236fe4'),('134a3f1a-4932-4955-9a29-0009ac875214','29d76c75-dc64-4f07-8383-dd7f76f7cbf3'),('3e6f557e-bbed-4e2e-baaf-f16b49310ea5','3bccfcca-864d-47e0-ab20-806ab476c2b8'),('ad0a27e9-9459-47f8-b6ff-5274b85d1964','b26e6e78-4565-4afe-bc2f-974e55512ce9'),('1b407276-4e3a-4f30-8b7a-c33f48aba1de','61394e6d-de77-4a6b-90b5-6a7ffce54e56'),('74adb096-65ea-42a5-a34d-dafc3eec308e','f57c6c36-40b6-47c3-b43b-410360571cc2'),('3d191854-57ec-4b6f-8989-c7bc35efe151','0a1adfb1-172a-4e87-9fbe-228946f60ec9'),('8172066d-db6a-4383-b432-336b8b9f996a','fe79f890-459d-4647-b166-510c4788c16f'),('27613be9-71c4-40fc-873b-1712fdde96cb','52f78bcd-ea40-4f6a-a38f-afb6bdbb4ebc'),('c449a4cd-0db4-421d-8513-86ca1541c59d','37bdd7be-5f62-44d9-a550-2e3825726b82'),('f1da2c95-17c8-4a69-bae0-6a8d1a90b2c0','033b959e-2786-4b94-9fe6-569ab70b3476'),('7c8e8636-bff2-472d-b770-dc6323842989','b3b0663d-a181-4292-949d-cea8286a37bc'),('833fb395-fa37-4388-9663-f2dbe6b522a0','8cc4e767-28ee-42ac-a219-8a9d4e5c3c93'),('ab43a5e4-765e-46e7-9b91-711d657262a3','ef0c851d-76ab-4b03-8304-49a4fc341443'),('aedcd664-4270-4502-87bd-da56364f49b9','260c1ba4-e5dc-4c18-ae83-5fb0ee594d7a'),('f2d03181-64cb-4456-829a-e1838fc841d8','01a52527-f05a-4ab5-9018-931f3dbca428'),('ab966ae4-7581-482d-8ece-2f347d2879b0','d81f7fc5-cf6e-4f5c-b068-11203f16487a'),('79cfcee3-ac5b-4db4-8da8-db1690aec214','880c7a9c-5a08-415b-b8d0-041a701765d2'),('14fa37ab-532d-4026-ba62-1e6230e16603','e41d5573-299f-4b70-81ab-13bd0f08b7af'),('4127a574-1566-42cb-af13-54284b2059e9','9a2fb635-b8c2-4343-ad4f-1ea404ad9758'),('2b431c40-0460-4d6a-aac4-17338ae59bfa','de912590-714d-477f-a13a-1054336637da'),('86468bc8-32f0-4576-9f8f-5e764ec0d7af','269987d4-ee2d-4fcd-aee5-e40a02aab7de'),('d5b0e3b8-c57a-48bc-8800-e37e459332a0','b1a642df-1350-4556-9089-47011b533c07'),('ce25dbad-6f26-4983-83a4-cc5cfac03a96','9db68c68-6a7c-4293-853d-69ad1efdb0b2'),('ffa8f6fa-c8ec-42f8-b16f-3a97597d17a2','a503fc49-efeb-4093-b97a-25aefdc422cd'),('57023b9a-2607-4bab-9429-d083d72b9db8','7f76b3ac-42d2-4606-9ff5-27759734385a'),('89450559-6700-454c-87bc-e656f2b9933a','ef3c2b72-6d33-4a2e-893c-26b841287909'),('f07330df-ebf3-49fd-8f60-9d5ea246428e','0e9d7f38-a81f-43da-9b32-eced2f395d98'),('a9ba2686-0f65-45cc-9ab4-29c4d3f28878','4b74ac61-44d8-4169-82eb-d95f26d05535'),('640fe573-68fe-41ec-a267-277c1e27d578','9b69b4c1-592f-4267-aae9-e239b13b41b9'),('e1ef2430-3ddf-4a34-99c5-1bde3666f90f','9d67e1d6-1505-458b-8465-0c1d2817b8dd'),('2077cc09-155e-4a15-83c4-ad4c80f7e600','c1e71f1f-9c10-4bde-9176-da925178df6e'),('12ab4802-4d5a-4993-b42b-f11e06e15d82','25914902-c9e5-46b5-94be-2902d39f7620'),('de504e4f-0c8d-494b-b37c-059d1e542eaa','10d0e6a0-907c-4c09-b1da-7f2db8d48c62'),('2f0cc274-c099-41ac-8c10-74ca5cacb057','99c7e9d5-6ccc-4e1c-bdb2-4cdb2eb860a1'),('b06e720a-2b71-4d04-9387-eaf9c1c7d3b7','acc5feee-73ed-4dcc-a190-1e845f74c98c'),('f67df2c7-603e-4a80-b790-1eaf1a29d7f9','2dc7353c-e056-40e9-8c01-436078704824'),('0581a8b0-52f8-42e3-8e44-98b2f5b9c8aa','0558661c-1fc0-48c5-a6c1-d9c70c02438b'),('f4115a07-d0a3-4716-a42c-bb4c840dccf3','f7390680-83a4-4985-b0fe-a77cef1cceff'),('dcc0b469-1699-456d-bfdd-c2aa01372487','5b1ef917-ea64-454f-b160-1d00b20c4cbc'),('65ba2582-b3d1-4b6e-8ed7-cddb2c276f60','bdb192d2-6330-403f-8690-6e05c6eecb26'),('c5220e39-cc08-4f50-a950-fcb4b6dd3150','5bebedbd-b5db-486f-86a7-338d5979f536'),('d18f6d79-dbf9-4c94-b978-6de5b680086f','7f9373f2-e69b-41ae-ba02-b5e29d609b80'),('a3a8776d-64d0-4222-912b-4ba5abf9ebe8','f5989fdf-8490-4cfe-9473-d11b424682f9'),('953280d7-7a75-49d2-91c7-96efa875af81','4a09f801-2174-4690-b756-a1a4aac8b610'),('2772f058-fe9b-4029-add6-9067246cbf4e','5614a008-cd6e-4c7d-8f4d-820094dc7420'),('63d3c371-53b6-4bfe-b9e4-90eed955ddc1','7568a65c-5a59-4143-8eea-a8aba83bb430'),('747c0912-3138-421a-ab4b-0d9d9058e15e','6a562a86-5117-47de-a584-4f6f0808f1e8'),('628ce516-693d-4913-806c-51415c364a8e','b3c98383-1788-489c-9b68-25e9173e3959'),('f9b3b043-894c-4f68-abfd-e8079ce641f7','ae386c8d-0344-4f55-ba85-9d5170d73df3'),('a56b4c91-3746-453c-9351-465e5748647f','ce46587c-e83b-446a-9cc3-c3926f3fe0fc'),('7891034b-cf61-4a72-808e-3d9a1808c1e1','e64053af-ec38-47ed-a4e1-f2bf560689ae'),('329ca170-753e-488d-a4fc-195f07fe2d9d','28ebf2ee-9d68-439d-a0df-9ba855710300'),('148d600b-c504-449f-b931-14f7698ffb8b','c7170e4f-b665-4931-a0a1-d7f0e041669d'),('e396c9bd-3766-4cac-9990-0deaa01b84c1','5fcd7020-e1c4-47d2-8218-67d8a552711f'),('8a314ccd-ccd5-406c-a067-5e9eb7100fa5','50e94f0b-a8d5-4c4a-bdc0-371d885a117e'),('0107a2c7-1716-4cca-8ecb-ba23e3ab8c29','2f6ec4f6-d994-46c4-be7b-564a1df3196c'),('a79feaac-f3b1-4a54-b9fb-b05a22100bef','8802ad84-43c1-4084-87ac-995d576ccf8e'),('9bce8387-40a1-4ab4-a2c5-36db35f29026','0a9342b1-6de4-4644-ba72-a9001d610dd7'),('84731dd6-6c22-4de0-b91d-469b078f1ba2','1b46494a-5467-4da0-94e7-84b45d9ab344'),('022770f8-6aca-410e-b5da-5ba8e9f518a8','316e95fa-37f0-4b41-8774-3861ab7ac6d3'),('a5f9cd88-51ca-4a83-9bdd-4248a0b2c549','809d2548-b71f-48aa-9347-fe55954129d4'),('1d1c839e-acf1-470a-8628-771d3b136303','5064746e-5deb-44ec-bf0f-c110379d728b'),('2998aef4-6532-4797-87b8-c6668035007e','f3bba58b-2723-4f38-abc3-49ac73d35969'),('240f074f-be6c-4248-9ca1-463063bf51ce','fa60951e-f5e1-4db7-bbd8-32a9ba295560'),('fc64684b-95cf-4d5e-9e00-501d7ec7b1fc','b6f6aa6c-e999-4d21-a0db-0a2703ed7c4b'),('88a5a7be-6e1f-4ef5-82c3-b3f992efbd9b','5da0a305-f969-4014-a4b3-2f7fa54163b0'),('b90ae591-d7b1-43e7-9197-c8bcf0a3d7a4','7242bbc4-018d-4888-8c5e-989590e1f62e'),('943e9c8f-1ae3-4f64-97f8-04476202ea92','72f31af8-9fb3-4844-8570-117728cbdb3e'),('47b06d8c-c489-4e5f-9bff-aa1759897e82','3a82cfea-9360-4dc3-88ee-ee7619d164e1'),('fcf9b97d-ba05-4d7e-868b-67a6ab82e54e','0c84076f-de78-4ab0-8a75-996e9cc76d40'),('0a346ba5-c616-4c46-9c27-f8ac839a1de8','02b4a4d5-3366-4e84-b8bf-7e81b837a5dc'),('cc3ec814-4e33-4215-9238-5f71b1f5c894','7590645d-15bd-4d07-a355-04f80759cbb0'),('974d349c-0265-4846-8545-3d435635b240','7df368bb-851a-44ea-9cf3-412651612706'),('83672308-5c42-44ec-9b50-91ead321ffeb','5c27ccf3-4647-4bd1-b4e6-370ac5e077bb'),('52f06dad-cd70-457c-acdd-40e7471bcb41','266b972a-11e9-4a16-9c6a-1bd22b45b95a'),('600584e1-c031-44cc-be9b-1bb8c6aad09d','bfc3bac5-fff5-4f55-a35f-56f2196d86e2'),('ee1b56ea-0fce-48df-b122-194204032d3b','66da3df5-f176-4f89-b27f-fe48545183d1'),('25411c53-53c3-4cfe-9b0c-df8906809412','7ba02a27-2fd6-4dd1-ba68-c497287bc72c'),('2e239411-2f6a-4390-8bb8-e918f476a8a7','4b1f3e3b-d5c4-43ee-887d-d8ca8537b76c'),('dfac9656-8923-4f61-acd7-6095bc4147dd','45c33394-a6fd-4e53-b950-18384b79e4df'),('0d007215-5143-4cc8-86fd-3e526a729f5e','afb1fe02-af2e-4bd5-a17a-bad5c031ed84'),('898c4328-62ed-46bc-8f22-85807d39da24','40efea7e-7d7b-4b4a-901b-00f69e61c436'),('7bc198c9-79c0-4f66-9202-68900c6390f8','0af89a56-cf08-4bd1-921b-506662e8c20f'),('fe2d97ad-7dd4-4df6-990d-b1cf0055e01d','d7bcfc2d-8b05-4a47-b53b-2d04d0549618'),('c408cc82-aa05-4d3c-ac78-ea40f7b1a2ef','00b0b486-518d-4787-92d2-378c36170e0f'),('b245f626-ba0d-47a3-868c-ffb454eb3d61','5079d4a0-775d-49d5-9e46-591b91d75a1c'),('19ba4d10-95bf-49c2-a26f-3d7f41c8187e','21bbe45a-1ef6-4e60-8dca-1b1dfd0e96d0'),('c27a2c20-9b89-4e31-bae3-3ac7d6de6035','73f6b381-9b0f-49e1-9667-bb0459bfd799'),('a10f9ff1-3adb-47b5-9883-0566d55e5b5d','80837f28-8b15-433a-9e62-e66ba06559ab'),('4615b633-9d54-45b1-898d-d1bf2cc1b0ea','e2161691-7532-4698-83bc-bcc1bfc244c0'),('c9634898-9eed-4be9-a024-3ca6522ce744','5363bfbb-8e26-45aa-919f-526fe8c5363c'),('9f21e867-4a4c-4ecd-b61d-d2bb9d84877a','15d29a7e-96cb-455c-8df5-6a24f339a57e'),('7a5c21f8-e60c-4562-91c2-1b457146dc78','65e35496-77ed-47a1-b550-57e5daa661bc'),('68d6573b-546f-4120-a040-5289a9ca4b01','195bc9b5-f790-4b7f-8f0c-f20efc635975'),('03f26a6a-1359-4331-8084-35ff2ba90018','c74ccbab-db99-474d-b521-bbac4e106061'),('6ad2362e-04bb-4853-9b1d-27f035ba7c76','e94e4453-f7d4-48ba-9789-84ca5f37833a'),('bc4b84b3-ab7d-4205-95d3-4d1059d14cdf','dc19b44f-3477-4e1d-a915-c8b37f44747a'),('dc3045c1-6b78-4f34-b6d7-19af71c9b93b','12baef4e-992d-410f-aa44-67021906d143'),('75951e6d-3ec1-4901-827b-55cc60c1b030','760133db-4b53-4279-aa0a-eb80b93a8576'),('47450d68-b6b9-4952-9ae4-b8659b1ed412','9291dd07-aafc-4710-aa2d-f3e668278d75'),('a17c0e6a-27d0-4d4b-86fd-4e77e6cd9636','e8cc11a3-2ac6-4b16-ba58-41f20f1bcd92'),('29173a0c-e08a-4bda-bbf4-7866adbeb119','187b155c-b638-42b3-a6bb-2e0fbd0e7c3c'),('3f45a7af-7c47-458a-8e3e-c9abd2d3c247','379c79a1-57ab-4f14-bd91-fd78e49dd5c3'),('eeb5dfd1-a979-45a3-9374-530bcdc286ef','ae99de30-9185-42c3-b914-3f53b6768695'),('3ac955fe-94ed-404d-9641-83331fe860a0','460beef9-b34c-46cb-9779-b78aacb8d6ad'),('72130e45-fb1f-4059-929f-e3ef7ca60022','d25c4ae9-939d-49f6-b3ce-4efb20c5be36'),('8b4250ce-06eb-4a56-a334-79fd3679746d','a8d1ddb6-113e-402d-bd45-808fd0535d1f'),('6d5c4b7b-0d1b-4c9f-85e4-3b8ebe25810c','0bf85a9e-d5f4-44d6-be43-1d0d4c821b37'),('3d7f7af2-6f99-417b-9b79-ae5ea4cdc271','e4f531f3-6935-4bb9-b162-e2f7907d1752'),('a39b6e9b-ed78-40f8-8745-f1e076a7eb52','ba1cda74-3b41-4d39-a0c5-439948f9e72c'),('c85aecdf-244a-409d-ad79-b7f9d7430cb8','bfe4dd00-1f4d-40a4-a0ac-a9a448e0c91f'),('05ecb0b0-e8a5-4337-9b78-15e00c0b4d23','bbbd3c25-44c5-4d73-a4d2-dffff9517714'),('060f7702-d8b8-498d-ba20-5c93a3371805','3b797b2d-065f-45bd-a126-1e990c21f0a1'),('3a59eee6-2499-4d70-93da-5cd5c67def75','b732f8a9-a23f-4d2f-b67a-53586e1e2323'),('a78b55d7-2eac-4c2a-93e2-eab2d78aaa66','cd37b1bb-bbaf-4aaa-8c98-354d9e5f959c'),('db2d6d8e-fbbf-425c-b5c5-db0429c52e8a','6dfe5998-fe39-482f-b601-3fc7958ae69c'),('2e62427d-d8ed-449a-9e56-bbc80bb75b3a','5897f6e1-0daf-495e-ae41-665dff285958'),('44203110-6705-480b-bd6f-5423d5167f83','1fd1e9c7-1aa3-481a-83cb-ed64f55799a8'),('97d4509e-1dc6-4cc2-a8b1-dcdd188eb6ca','e53ef279-57d9-4021-aff9-b6cf6e8d11f9'),('ce227242-1f5f-4e86-9b3e-03da1ffaf7ad','e1ba7956-e167-4371-8aa4-92e1a6a269ee'),('117defba-a966-4aaf-8f4d-edb0ea724608','6fa501eb-9ab6-4add-9a99-b14a0893b68e'),('5a9daf24-2fc4-4599-9b2c-c68e8a1e44b4','6b07bd2f-3ab3-42e1-bac0-6f850fa15bfd'),('bd118774-d7bb-4602-b379-e3fb374bcf5c','5236209b-b18e-4792-b8f6-3fd2d4b1e435'),('3cbeac97-3778-4033-a1c5-70fb5571a3c1','ed5a9da5-ddb4-42e6-9e94-d6ce368ef91e'),('fe256843-b8f9-4bb5-86ac-3b22ed0047db','9f3b0db1-1096-4207-9eac-6b73f7434a59'),('f2a363ca-3569-481d-9ef1-a70478125877','acd3bac0-1190-4fa0-97c1-b413b57f42c5'),('22e625b2-754d-4881-ac8b-9a56e8cfba52','8caa350e-62e8-4db6-8857-780d00158a7c'),('e0190606-fabf-44ac-8ebe-4e5fec5a11f1','63a94cce-b446-45c0-99bd-2e5115534680'),('1cb94014-c55a-429c-8d44-bc244232e2d2','fbd6c7a2-f9e2-4fc0-a6f8-f60339cb2974'),('0bcaec48-ddb0-4560-b578-32c17b908e6e','0adc9d51-b8b1-4611-a874-766b3ed88e9f'),('a8a1586c-d112-48be-9032-2af1d47b4f67','dacc23a8-e9f5-4efb-83aa-b2b10074b5ad'),('f7c260ed-7ca0-4608-9513-e8338dec89e1','6aa640bf-f3c6-408c-b713-d391ac01c1f1'),('75ba0a02-4772-41e1-9553-2bb3834aaa41','8ff9299b-9cb8-4c4d-8535-ee867604e698'),('95229c8d-f75d-44fb-af16-eb32ecc3da11','d79af94f-cc46-423e-99d4-e4e75ab415a5'),('982e5e6a-1441-4247-92ed-477d31a89d55','719662c3-2193-468d-87d5-920fb1d0cfc0'),('93d24dd8-1c0e-4ac8-95bc-df5f19ef18e1','194b28e8-419d-4ce5-9e9a-d24378ba5beb'),('51337765-47f7-45ff-9676-c07295cf5552','a8bb4b08-26e8-447a-a85a-350a6866f93c'),('0d6b4bb0-b6d6-47b8-b5bb-4ca503920a38','27208571-82bb-430a-9921-78a274dda924'),('8035afb7-32c9-4139-b24d-75a2f4cb80ee','4427d53f-8c31-4d10-b5d9-14a7eea2fd0a'),('7916e5e4-9709-431f-a37e-01a32ef0366a','6437def2-9c4d-4a65-8d3f-ed923584b506'),('4dbb92c7-1250-424b-8968-e402d29338b8','6a35c35b-cde8-4f6b-b598-31c5283e53cf'),('c1c5459f-e2d2-4c5c-b947-6a8bb61736ac','7a9d92d8-a4cd-4a10-83c2-d5acad8e776c'),('bcd99432-3694-4e5b-ad1d-7a8f5f81301e','40071a22-cdd1-4db7-b057-3a02c124e4b3'),('d0cada4a-2222-4d6e-a25f-f3112f0fb275','2a4c44d8-aa28-4254-8202-97883ed61a38'),('5207b685-53b2-4a6c-a860-05a592fdc838','ae056d1f-8376-4252-9370-691dd3b67b02'),('8e4e0221-5865-4006-a95b-5086b14c1016','77c3bbe8-1f15-4f2d-a7d9-eb47e2dc4078'),('80c5d7d0-5e6d-4dee-a701-f87949f265d1','9a86d125-05fb-49ef-9805-208fada96cdb'),('f255993b-4354-497b-8794-7853094e0388','eca83d12-1bdd-4bf7-9457-adbfe347d845'),('d7394801-b90a-439d-a9b9-c7ee7e1c6105','75313afc-f53a-4477-86bd-99af1f62c57c'),('a5d9991a-8935-431b-9302-6c0af0d25255','a826667a-c344-475b-949b-658dc6abf626'),('5b284a92-6b70-4fe6-abc5-b66fbcf42140','fda0ab8e-d8b3-4eb3-a509-1d07ffef1c9d'),('22ad5893-c23a-4f9c-bd80-24c6c90c3fce','2249221b-53e6-4be2-bcba-af930eedb7b2'),('8da6571b-4752-455f-b631-1d6c4bded231','9978a643-a56a-41de-ace6-cb0cf5e48cc7'),('af9fd965-3e61-4112-89f3-c51334084aa7','c3d0bf08-f8a8-4e9f-94c4-e483d9f91e5d'),('49be9780-8653-488b-b241-d9d8e53ae125','4c11b50c-3b7c-4e77-b446-59e4d7c741a7'),('830d23d5-ded4-4e44-b5fd-6101faac3f39','bcb59f33-00b2-42b2-b091-95ce02d02b89'),('b15f0a34-8138-408d-83d1-535d70fc5928','3c0ba305-52b5-46f6-b2b7-f6a5d6386c58'),('3e5775f6-764a-4ae0-84d3-dbd18534ee39','a859816c-1d63-4d45-9b38-8902d45928a4'),('2e8aa8b2-238b-43bd-ad15-942b6b1074f4','e8925694-77f2-4b6d-b67a-190389e02752'),('f4078128-9f4f-48e5-8e6b-f17b26250154','a4802e93-d0f6-4e6d-b4d0-ea2f6838bd4d'),('8d4c946f-ec72-4bb1-b791-76c563572d26','a864d73c-68d4-4366-9536-daa6da30cf62'),('2e68ecef-a1af-4281-a81b-2e9b9f0731d4','d1c94b36-35f9-4023-a786-634360f4f92f'),('351bb353-8bd1-4eaf-b324-153f2af337ad','3f69c270-a283-4fc3-b286-2db47babcbc8'),('f883edc6-882b-40e5-a223-85911ab58f30','14501a56-dbf9-4f61-abef-a46701a50d51'),('e008abc4-a413-45ce-a1a9-2885ef4e1c47','2ce6e726-d106-41d8-97ee-b9658b878011'),('36c16c1f-3c47-4976-99d8-4d9dc8fc7877','73900f5f-4fcc-409d-837b-054b0a8d82bd'),('467ac63b-654f-490c-9fce-6197b72c73e1','1cc73cb4-7931-489d-8d4b-79ca9796b640'),('e48731bd-3017-4e53-89ac-24b07e330ce1','629f131d-4bbf-444f-aea5-3ce5f48c29ca'),('73e26afc-56d2-4864-9fc4-7432b279a840','2de55f4c-ddbe-4f5a-9836-42ed7f37fc98'),('ac2b4cb6-e71e-4aa6-a383-cdd9acfb2620','98c024d1-7180-4ca0-bd66-421c33f3e783'),('55d7a015-8a72-4829-b4b7-81c9cd015624','13a78877-0201-44a0-bb54-427b3c92e015'),('eba9449c-81e9-4748-aa33-980f41d921cf','42991246-eb30-43f1-a7c0-f0cbc1c1cf51'),('001fc50d-aa87-4fd7-8c2e-989157d73add','1aa3dc57-b038-49cb-b4a8-010388aaccc8'),('51ee1edd-fc97-40c9-99a7-26c7b224a333','2c37a03a-bb52-4b85-bced-bb5786d94ed9'),('7a21bfab-0856-43ed-8e0d-02e5eee93cab','5cbe4619-3189-492a-bebd-d6171eca1b15'),('0e0690d1-bffd-4540-aa1b-48c883d95021','93895d04-3a5c-440a-a949-0e59342d0983'),('0fc29846-e1bb-4848-8981-473408f991c5','0265d2a7-e9b3-44bf-b47c-06d33f70f6a2'),('9dc04eea-9d9c-4e78-9dfc-53309fd631a0','b24b2267-b91c-4066-884e-e1d7bcdc2952'),('e8739b6c-3dce-49da-b14b-a484fd883b5b','130d0efe-b1d3-46b0-a16c-e4812ade0d1c'),('0f2c8959-3e99-4cbc-bfcc-3db4c81f0472','265d25d9-91a9-4f72-808b-299d7d1ad076'),('7b420a3f-5ea9-4d0e-a5b8-fcc77b6e6428','02f5b227-f165-4345-93d4-0cc3da551118'),('e3b9818d-8cb0-4a37-8909-4c821241d008','11e1600e-0235-4ce9-af2a-c24f30066f66'),('4e34e1b4-e613-4d07-98a4-d819990d01a4','5f46b97d-34d7-4be3-948d-49a2cafe0a91'),('5a51ef6b-7940-458e-b77c-9f00173ae531','8bfeeb39-09bb-4be0-81c3-c5c84bf6c8bd'),('28c519ea-bbca-4694-bfb1-0c61c3d18358','10d7cc9d-5d6e-4651-9527-41a06d5382d0'),('4d9990bf-4341-4140-85a8-6e82cf586bd1','0b85454d-1de9-4b62-93a5-7c7de6abfcaa'),('7142b32e-0620-4b84-bd0c-54b03d20fc39','d4ba6ff6-23da-49ce-8aee-bfe618562327'),('699033ca-31e9-4dc7-9fe0-5584f8bb56e8','aaa551cc-d584-4305-a95e-be474727af31'),('e4eb048b-2096-4593-8ca0-c2df99ed6eee','fea86eca-3a72-4fbb-8229-c56cda42ea40'),('5158b434-2abd-4b72-9d09-99c4febfdf6a','5cf65737-0510-4642-acaf-a53cf72fce73'),('df56da5a-c37d-4f9c-9975-b4e1d9f21ff6','6fd8291e-0120-4272-a9a0-048264deafae'),('56507957-f049-4c97-8549-c7d64757c871','f9cb7780-24c5-40c8-b815-e0d0bd1bc224'),('2da0deba-9057-4923-a8be-02fc108444ae','827df3ce-b11b-4348-aa9d-95983b382fbe'),('57cf52cc-f4bb-4983-b81d-0f030fdabbad','2f82200b-6179-40e7-9546-bf2d2486eb8e'),('a639d3c2-a78d-4ae9-af76-fe1a95bf02be','595e9b78-b373-420d-b9e6-6113353945e4'),('7f4f183d-701f-4d99-a7b3-f5db7d8a28d0','8f01afad-67a8-4862-afe3-9ff0ddbc8216'),('f379316c-41dc-401f-9ac3-c97d4f965f1e','163cdf83-030c-4140-9971-0cbf7d7a9318'),('b20bedfe-7f0f-4933-8ec0-513544211bf5','3d9246c0-50e8-4cf6-8a3c-f28e8557f3d2'),('0a32e202-214d-4dbb-8ff6-ee4ebff56e42','36b0ae75-0224-4163-a8e2-05a46e4587c2'),('5ce031a3-02cd-4a53-990c-1fe2637428e9','b2e09313-7643-48ff-987d-f1f8f71fe7ae'),('2d968017-4976-4805-a119-5cba35e19143','62306183-883c-44aa-bdc2-656de7317fcc'),('88fae930-1e0a-4e71-b957-f7769187ce49','6b5dd3e4-ead8-4789-b5e9-21529060fc20'),('472434a4-2055-4b3a-9af3-60f3a9818237','ad962ed7-cc6b-4660-b32e-5ab472c9caf8'),('11a20560-dc36-4494-9cab-40834b121057','7431685f-1c16-4e74-813d-0467b8475186'),('5d98d790-de3a-4970-9933-16842b752e79','94d2b9b2-cd63-4219-a411-c0152bd73695'),('241db645-57f3-4b06-9989-e624360461dc','32787cba-b4e0-418c-9e4e-2a4c08ea6e19'),('09fb0328-3192-4f70-8819-459978b02cae','dc8f4791-ad24-4154-9ed7-e9bc5be70978'),('5dec0731-a3db-4106-bf85-697369a3757e','d70d98aa-2e38-42de-98d3-b9722a3f4f84'),('03b2d4c8-4058-443c-b33d-a0822c8b9dd1','e1a78162-8298-4f2c-b8ea-f7ff3b34980b'),('7cd62dd4-c581-479e-8031-0329d2b85744','7af7885b-ae95-4f66-a20d-30a2d5e8eb40'),('859a3cf3-4d02-48f3-85e3-c6cced11eb03','c36d48f8-4ea8-4ee8-82a0-cdc6a695ac29'),('c2e1a309-b462-4d2a-bb17-8643d0727008','0564bb8e-1408-4f8c-a63c-0becb813c311'),('302f054d-c713-4faa-b4ac-29870e03f9ea','018cf10b-af3b-4738-b37f-bcfd7b480d18'),('3bb892c5-e5d6-4f56-bc21-fb9b0a9e658c','6e5bc781-1b58-462a-ac45-761002a498ee'),('c75ad363-df14-4721-8338-54ce92c823c1','66637f13-115e-4332-959b-9579e6f2f6ce'),('128b9530-632c-4a24-bfd4-c3b9ab862b9c','64b61654-9d9e-4b92-868a-b756f52fa9d1'),('3f571558-14cd-4b18-a33e-72b5decda64f','404fdc75-0d73-4876-b0ba-c8f084e9c98b'),('f694bb0c-b64a-4c9f-bc1e-252b9419c219','34a945a6-2903-43a6-a748-f2c7ea699caa'),('093f81a6-22d2-45ac-80ef-fac5a9307e4b','b5fc0ddb-695d-409d-ad71-a128d98e9c2d'),('3edba965-ace5-4a1f-81ea-6c69e300e798','630def62-8927-4f68-a7c9-65adb697a6b0'),('f8d0afd4-51ae-4bdc-979b-a8257df84689','c0303b09-9784-42e8-98ae-c8cc6cc17278'),('689fc069-3d72-45e5-b382-de0dd7a022ba','32a55231-53f3-438b-ba67-e8b5abc616ba'),('f00d9c4c-5503-4ac0-b3de-a026bb507015','91024e3d-5abc-4be9-b44b-1746ded9de80'),('11fbac86-b2b2-48ad-80f9-b869c92ec84f','73cf00f3-0a74-4a1b-9545-53772334fdd7'),('0a93e2e3-1d7c-48ed-aa41-1837413092cc','026c7e56-c15d-45f6-a8b5-8d8e46f07652'),('70a9c36a-9f2e-40e5-9b89-3813a9596412','5cc08582-8c0b-47f9-9d39-77c77a14db9f'),('4982ce2a-48ad-4dc7-ba0a-c2758822d7b9','b02d713c-0fcb-44cb-8769-1cf09fcd3d63'),('b6531573-5541-4e65-85ee-d91d667c617e','a6a178e5-78d0-4acc-9ed8-684bc8b5a363'),('a9faa64b-83af-499c-8b49-fd7a3901302a','2b50c75f-976c-4a13-a493-a7ff71c6032f'),('690040f3-fe54-4d5d-a542-9a768479742c','885fbf80-64e0-47cf-9cf0-5aeebf02a811'),('9b5520ab-2c89-4187-9567-3f14620e84b9','37f46db9-e1c8-4630-ad8a-8362727f6c54'),('cb529efc-941b-4428-ad41-e423f06def7f','b1bfeefe-8ae0-47e0-8f00-9b4f8911b868'),('6593f863-7748-48ac-891c-12b891fa3802','bad340ce-591d-48d8-aa53-874f9102abbe'),('d72beb03-039a-41b4-99ec-66552bce609f','c327a1fb-b050-43d7-b044-16ad0c633d3c'),('675b378d-ee59-445f-8c97-1578f3c9945b','0de220cb-78b7-4dc0-9a35-4b05b79364c0'),('788a394d-9b81-434b-8aa0-901a69edc719','36f8d797-d390-4bae-b412-155d26002c96'),('a6c09a47-1d7b-44e6-9e1c-c1ba33a4b2d6','be89d3d6-bdb6-4019-826a-add0b164bbc9'),('2c0e8969-c608-446c-8a84-21edbceb5d9a','76903982-420b-402b-946a-d6042690f451'),('8530d264-1af7-4b64-a782-0aa9fc5f4e49','3db6a69e-9c55-4bec-ab95-07f6291187f5'),('7418a51f-3021-45a1-b091-68ed712f1501','f25b623c-94b8-40f5-9353-765cf77292aa'),('fda21165-b2dd-4ec8-bcf6-725b9502ea24','408bfbae-9492-4d56-b72b-9222fa43c2da'),('59c1a3c3-fb39-4ac0-91e1-c076df44cb05','87758e17-639f-464e-a528-f10d2a3ace10'),('4e93bb7a-bf78-4d10-bd84-4e579e25ffed','b7435e5d-0e8f-4c1f-b67f-7ab92142d623'),('557dafac-b857-4e69-a710-984d569a012f','1cb6711c-eca7-4c0b-81ce-70ed30da5d88'),('5d13b975-74b7-44fb-a559-d89dc38b40a4','696b36dc-d2a4-4022-8cff-26f814ff505b'),('d2b49c1c-d4b5-4f37-b615-02fe3a78668f','86306507-ca6d-4c9c-8d87-bab5b0dbf5bf'),('743f1516-4910-411a-9fea-9330c7b0ad8e','4097b1eb-214f-472e-84f7-926a80135869'),('856c6cb4-88a6-40b1-8c6c-fc6f160955bb','14e73efd-d2c0-4ed4-bef4-bef5c0e2cb76'),('e93c23fa-7306-43db-81b1-2767319f42fb','24151cff-ed09-41e1-ad12-41cbc94baa00'),('bb96c642-48d4-4456-a9b4-880111919f53','d668778f-ebd7-40dc-a558-80f0d1ff3f90'),('cc2be234-776e-488c-a881-8290c4b8dd59','51b2bb5e-a3cc-43f4-9ec3-ce8f36ebde61') on conflict (subtopic_id) do nothing;
commit;
-- counts:
select 'people' as item, count(*) from person union all select 'subjects', count(*) from subject union all select 'chapters', count(*) from chapter union all select 'topics', count(*) from topic union all select 'sub-topics', count(*) from subtopic union all select 'content_items', count(*) from content_item union all select 'item_stages (auto)', count(*) from item_stage;